month_date_yyyymm,cbsa_code,cbsa_title,State,alabama,alaska,arizona,arkansas,california,colorado,connecticut ,deleware,florida,georgia,hawaii,idaho,illinois,indiana,kansas,kentucky,louisiana,maine,maryland,massachusetts,michigan,minnessotta,mississippi,missouri,montana ,nebraska,nevada,new hampshire,new jersey,new mexico,new york,north carolina ,north dakota,ohio ,oklahoma,oregon,pennsylvania,south carolina,south dakota,tennessee,texas,utah ,vermont,virginia,washington,west virgina,wisconsin,nielsen_hh_rank,hotness_rank,hotness_rank_mm,hotness_rank_yy,hotness_score,supply_score,demand_score,median_days_on_market,median_days_on_market_yy,median_dom_vs_us,median_listing_price,median_listing_price_vs_us
202204,24860,"greenville-anderson-mauldin, sc",South Carolina ,0,0,0,0,0,0,0,0,0,0,0,0,0,0,0,0,0,0,0,0,0,0,0,0,0,0,0,0,0,0,0,0,0,0,0,0,0,1,0,0,0,0,0,0,0,0,0,61,166,-21,85,45.986622,34.44816054,57.52508361,36,-0.339449541,2,349500,0.8224
202204,36260,"ogden-clearfield, ut",Utah,0,0,0,0,0,0,0,0,0,0,0,0,0,0,0,0,0,0,0,0,0,0,0,0,0,0,0,0,0,0,0,0,0,0,0,0,0,0,0,0,0,1,0,0,0,0,0,101,133,-30,-94,51.337793,86.28762542,16.38795987,21,1.333333333,-13,569000,1.3388
202204,23060,"fort wayne, in",Indiana ,0,0,0,0,0,0,0,0,0,0,0,0,0,1,0,0,0,0,0,0,0,0,0,0,0,0,0,0,0,0,0,0,0,0,0,0,0,0,0,0,0,0,0,0,0,0,0,119,19,2,28,85.785953,79.26421405,92.30769231,24,-0.351351351,-10,270000,0.6353
202204,29100,"la crosse-onalaska, wi-mn",Wisconsin ,0,0,0,0,0,0,0,0,0,0,0,0,0,0,0,0,0,0,0,0,0,0,0,0,0,0,0,0,0,0,0,0,0,0,0,0,0,0,0,0,0,0,0,0,0,0,1,293,6,-3,8,95.986622,93.97993311,97.99331104,16,-0.319148936,-18,340000,0.8
202204,31420,"macon, ga",Georgia,0,0,0,0,0,0,0,0,0,1,0,0,0,0,0,0,0,0,0,0,0,0,0,0,0,0,0,0,0,0,0,0,0,0,0,0,0,0,0,0,0,0,0,0,0,0,0,199,233,-63,-12,31.772575,41.13712375,22.40802676,34,-0.093333333,0,209000,0.4918
202204,21660,"eugene, or",Oregon,0,0,0,0,0,0,0,0,0,0,0,0,0,0,0,0,0,0,0,0,0,0,0,0,0,0,0,0,0,0,0,0,0,0,0,1,0,0,0,0,0,0,0,0,0,0,0,132,138,-9,17,50,59.53177258,40.46822742,30,-0.220779221,-4,489900,1.1527
202204,17860,"columbia, mo",Texas,0,0,0,0,0,0,0,0,0,0,0,0,0,0,0,0,0,0,0,0,0,0,0,0,0,0,0,0,0,0,0,0,0,0,0,0,0,0,0,0,1,0,0,0,0,0,0,237,18,-3,6,86.789298,95.31772575,78.26086957,15,-0.333333333,-19,349000,0.8212
202204,19100,"dallas-fort worth-arlington, tx",Texas,0,0,0,0,0,0,0,0,0,0,0,0,0,0,0,0,0,0,0,0,0,0,0,0,0,0,0,0,0,0,0,0,0,0,0,0,0,0,0,0,1,0,0,0,0,0,0,4,98,-10,7,59.364548,76.2541806,42.47491639,25,-0.242424242,-9,440000,1.0353
202204,24660,"greensboro-high point, nc",North Carolina ,0,0,0,0,0,0,0,0,0,0,0,0,0,0,0,0,0,0,0,0,0,0,0,0,0,0,0,0,0,0,0,1,0,0,0,0,0,0,0,0,0,0,0,0,0,0,0,69,77,18,17,64.214047,45.81939799,82.60869565,33,-0.164556962,-1,295000,0.6941
202204,13980,"blacksburg-christiansburg-radford, va",Virginia,0,0,0,0,0,0,0,0,0,0,0,0,0,0,0,0,0,0,0,0,0,0,0,0,0,0,0,0,0,0,0,0,0,0,0,0,0,0,0,0,0,0,0,1,0,0,0,230,159,-48,-61,47.324415,10.70234114,83.94648829,44,0.047619048,10,325000,0.7647
202204,12420,"austin-round rock, tx",Texas,0,0,0,0,0,0,0,0,0,0,0,0,0,0,0,0,0,0,0,0,0,0,0,0,0,0,0,0,0,0,0,0,0,0,0,0,0,0,0,0,1,0,0,0,0,0,0,34,83,-12,-38,63.043478,95.31772575,30.76923077,15,-0.433962264,-19,625000,1.4706
202204,26580,"huntington-ashland, wv-ky-oh",Ohio,0,0,0,0,0,0,0,0,0,0,0,0,0,0,0,0,0,0,0,0,0,0,0,0,0,0,0,0,0,0,0,0,0,1,0,0,0,0,0,0,0,0,0,0,0,0,0,138,207,29,60,37.625418,4.347826087,70.90301003,52,-0.277777778,18,164900,0.388
202204,25620,"hattiesburg, ms",Mississippii,0,0,0,0,0,0,0,0,0,0,0,0,0,0,0,0,0,0,0,0,0,0,1,0,0,0,0,0,0,0,0,0,0,0,0,0,0,0,0,0,0,0,0,0,0,0,0,280,177,-43,15,44.648829,30.43478261,58.86287625,37,-0.097560976,3,299000,0.7035
202204,33100,"miami-fort lauderdale-west palm beach, fl",Florida,0,0,0,0,0,0,0,0,1,0,0,0,0,0,0,0,0,0,0,0,0,0,0,0,0,0,0,0,0,0,0,0,0,0,0,0,0,0,0,0,0,0,0,0,0,0,0,8,288,-8,11,11.036789,13.37792642,8.695652174,43,-0.394366197,9,585000,1.3765
202204,46140,"tulsa, ok",Oklahoma ,0,0,0,0,0,0,0,0,0,0,0,0,0,0,0,0,0,0,0,0,0,0,0,0,0,0,0,0,0,0,0,0,0,0,1,0,0,0,0,0,0,0,0,0,0,0,0,54,209,24,39,37.29097,45.81939799,28.76254181,33,-0.23255814,-1,295000,0.6941
202204,31540,"madison, wi",Wisconsin ,0,0,0,0,0,0,0,0,0,0,0,0,0,0,0,0,0,0,0,0,0,0,0,0,0,0,0,0,0,0,0,0,0,0,0,0,0,0,0,0,0,0,0,0,0,0,1,78,39,19,-9,74.414716,67.89297659,80.93645485,28,-0.050847458,-6,410000,0.9647
202204,29460,"lakeland-winter haven, fl",Florida,0,0,0,0,0,0,0,0,1,0,0,0,0,0,0,0,0,0,0,0,0,0,0,0,0,0,0,0,0,0,0,0,0,0,0,0,0,0,0,0,0,0,0,0,0,0,0,88,109,-22,50,57.35786,47.82608696,66.88963211,32,-0.319148936,-2,354900,0.8351
202204,22500,"florence, sc",South Carolina ,0,0,0,0,0,0,0,0,0,0,0,0,0,0,0,0,0,0,0,0,0,0,0,0,0,0,0,0,0,0,0,0,0,0,0,0,0,1,0,0,0,0,0,0,0,0,0,212,281,-9,-5,14.548495,7.692307692,21.40468227,46,-0.106796117,12,235000,0.5529
202204,43900,"spartanburg, sc",South Carolina ,0,0,0,0,0,0,0,0,0,0,0,0,0,0,0,0,0,0,0,0,0,0,0,0,0,0,0,0,0,0,0,0,0,0,0,0,0,1,0,0,0,0,0,0,0,0,0,159,162,-44,62,46.32107,34.44816054,58.19397993,36,-0.2,2,300000,0.7059
202204,25420,"harrisburg-carlisle, pa",Pennsylvania ,0,0,0,0,0,0,0,0,0,0,0,0,0,0,0,0,0,0,0,0,0,0,0,0,0,0,0,0,0,0,0,0,0,0,0,0,1,0,0,0,0,0,0,0,0,0,0,91,145,-28,-22,49.331104,30.43478261,68.22742475,37,-0.149425287,3,289999,0.6824
202204,26980,"iowa city, ia",Indiana ,0,0,0,0,0,0,0,0,0,0,0,0,0,1,0,0,0,0,0,0,0,0,0,0,0,0,0,0,0,0,0,0,0,0,0,0,0,0,0,0,0,0,0,0,0,0,0,240,283,5,-6,13.545151,25.75250836,1.337792642,38,-0.146067416,4,319900,0.7527
202204,18580,"corpus christi, tx",Texas,0,0,0,0,0,0,0,0,0,0,0,0,0,0,0,0,0,0,0,0,0,0,0,0,0,0,0,0,0,0,0,0,0,0,0,0,0,0,0,0,1,0,0,0,0,0,0,118,285,0,-7,13.377926,10.70234114,16.05351171,44,-0.19266055,10,345000,0.8118
202204,49420,"yakima, wa",Washington,0,0,0,0,0,0,0,0,0,0,0,0,0,0,0,0,0,0,0,0,0,0,0,0,0,0,0,0,0,0,0,0,0,0,0,0,0,0,0,0,0,0,0,0,1,0,0,209,206,26,-146,37.792642,34.44816054,41.13712375,36,0.285714286,2,430000,1.0118
202204,31700,"manchester-nashua, nh",New Hampshire,0,0,0,0,0,0,0,0,0,0,0,0,0,0,0,0,0,0,0,0,0,0,0,0,0,0,0,1,0,0,0,0,0,0,0,0,0,0,0,0,0,0,0,0,0,0,0,124,1,0,0,99.498328,99.66555184,99.33110368,8,-0.058823529,-26,449900,1.0586
202204,15980,"cape coral-fort myers, fl",Florida,0,0,0,0,0,0,0,0,1,0,0,0,0,0,0,0,0,0,0,0,0,0,0,0,0,0,0,0,0,0,0,0,0,0,0,0,0,0,0,0,0,0,0,0,0,0,0,73,142,-52,39,49.498328,52.5083612,46.48829431,31,-0.295454545,-3,499000,1.1741
202204,24340,"grand rapids-wyoming, mi",Michigan,0,0,0,0,0,0,0,0,0,0,0,0,0,0,0,0,0,0,0,0,1,0,0,0,0,0,0,0,0,0,0,0,0,0,0,0,0,0,0,0,0,0,0,0,0,0,0,53,74,33,53,65.217391,73.57859532,56.85618729,27,-0.25,-7,350000,0.8235
202204,12020,"athens-clarke county, ga",Georgia,0,0,0,0,0,0,0,0,0,1,0,0,0,0,0,0,0,0,0,0,0,0,0,0,0,0,0,0,0,0,0,0,0,0,0,0,0,0,0,0,0,0,0,0,0,0,0,221,62,6,63,67.725753,79.26421405,56.18729097,24,-0.25,-10,399000,0.9388
202204,22020,"fargo, nd-mn",Minnesotta,0,0,0,0,0,0,0,0,0,0,0,0,0,0,0,0,0,0,0,0,0,1,0,0,0,0,0,0,0,0,0,0,0,0,0,0,0,0,0,0,0,0,0,0,0,0,0,184,279,15,-41,17.056856,22.40802676,11.70568562,39,0.012987013,5,364510,0.8577
202204,17980,"columbus, ga-al",Alabama,1,0,0,0,0,0,0,0,0,0,0,0,0,0,0,0,0,0,0,0,0,0,0,0,0,0,0,0,0,0,0,0,0,0,0,0,0,0,0,0,0,0,0,0,0,0,0,161,172,22,10,44.983278,67.89297659,22.0735786,28,-0.211267606,-6,186000,0.4376
202204,37860,"pensacola-ferry pass-brent, fl",Florida,0,0,0,0,0,0,0,0,1,0,0,0,0,0,0,0,0,0,0,0,0,0,0,0,0,0,0,0,0,0,0,0,0,0,0,0,0,0,0,0,0,0,0,0,0,0,0,109,35,4,-6,75.585284,86.28762542,64.88294314,21,0,-13,389900,0.9174
202204,33660,"mobile, al",Alabama,1,0,0,0,0,0,0,0,0,0,0,0,0,0,0,0,0,0,0,0,0,0,0,0,0,0,0,0,0,0,0,0,0,0,0,0,0,0,0,0,0,0,0,0,0,0,0,123,168,-13,-38,45.986622,62.54180602,29.43143813,29,-0.064516129,-5,240000,0.5647
202204,16860,"chattanooga, tn-ga",Georgia,0,0,0,0,0,0,0,0,0,1,0,0,0,0,0,0,0,0,0,0,0,0,0,0,0,0,0,0,0,0,0,0,0,0,0,0,0,0,0,0,0,0,0,0,0,0,0,99,30,51,99,77.090301,83.61204013,70.56856187,23,-0.43902439,-11,399900,0.9409
202204,47300,"visalia-porterville, ca",California,0,0,0,0,1,0,0,0,0,0,0,0,0,0,0,0,0,0,0,0,0,0,0,0,0,0,0,0,0,0,0,0,0,0,0,0,0,0,0,0,0,0,0,0,0,0,0,146,85,-47,-45,62.541806,62.54180602,62.54180602,29,-0.107692308,-5,425000,1
202204,35300,"new haven-milford, ct",Connecticut,0,0,0,0,0,0,1,0,0,0,0,0,0,0,0,0,0,0,0,0,0,0,0,0,0,0,0,0,0,0,0,0,0,0,0,0,0,0,0,0,0,0,0,0,0,0,0,63,21,-5,124,84.949833,89.96655518,79.93311037,20,-0.365079365,-14,359900,0.8468
202204,35840,"north port-sarasota-bradenton, fl",Florida,0,0,0,0,0,0,0,0,1,0,0,0,0,0,0,0,0,0,0,0,0,0,0,0,0,0,0,0,0,0,0,0,0,0,0,0,0,0,0,0,0,0,0,0,0,0,0,62,36,-1,63,75.41806,67.89297659,82.94314381,28,-0.333333333,-6,589900,1.388
202204,18180,"concord, nh",New Hampshire,0,0,0,0,0,0,0,0,0,0,0,0,0,0,0,0,0,0,0,0,0,0,0,0,0,0,0,1,0,0,0,0,0,0,0,0,0,0,0,0,0,0,0,0,0,0,0,284,2,0,0,98.160535,96.32107023,100,14,-0.096774194,-20,439000,1.0329
202204,41540,"salisbury, md-de",Maryland ,0,0,0,0,0,0,0,0,0,0,0,0,0,0,0,0,0,0,1,0,0,0,0,0,0,0,0,0,0,0,0,0,0,0,0,0,0,0,0,0,0,0,0,0,0,0,0,126,273,-15,0,18.227425,7.357859532,29.09698997,47,-0.308823529,13,499900,1.1762
202204,41420,"salem, or",Oregon,0,0,0,0,0,0,0,0,0,0,0,0,0,0,0,0,0,0,0,0,0,0,0,0,0,0,0,0,0,0,0,0,0,0,0,1,0,0,0,0,0,0,0,0,0,0,0,139,144,14,-61,49.498328,83.61204013,15.38461538,23,0,-11,512900,1.2068
202204,14740,"bremerton-silverdale, wa",Washington,0,0,0,0,0,0,0,0,0,0,0,0,0,0,0,0,0,0,0,0,0,0,0,0,0,0,0,0,0,0,0,0,0,0,0,0,0,0,0,0,0,0,0,0,1,0,0,178,156,-16,-44,48.160535,76.2541806,20.06688963,25,0,-9,614995,1.447
202204,12100,"atlantic city-hammonton, nj",New Jersey,0,0,0,0,0,0,0,0,0,0,0,0,0,0,0,0,0,0,0,0,0,0,0,0,0,0,0,0,1,0,0,0,0,0,0,0,0,0,0,0,0,0,0,0,0,0,0,176,270,3,11,20.06689,13.37792642,26.75585284,43,-0.232142857,9,300000,0.7059
202204,26140,"homosassa springs, fl",Florida,0,0,0,0,0,0,0,0,1,0,0,0,0,0,0,0,0,0,0,0,0,0,0,0,0,0,0,0,0,0,0,0,0,0,0,0,0,0,0,0,0,0,0,0,0,0,0,256,65,-4,26,67.391304,45.81939799,88.9632107,33,-0.214285714,-1,315000,0.7412
202204,36780,"oshkosh-neenah, wi",Wisconsin ,0,0,0,0,0,0,0,0,0,0,0,0,0,0,0,0,0,0,0,0,0,0,0,0,0,0,0,0,0,0,0,0,0,0,0,0,0,0,0,0,0,0,0,0,0,0,1,235,28,50,72,79.09699,59.53177258,98.66220736,30,-0.325842697,-4,294900,0.6939
202204,11100,"amarillo, tx",Texas,0,0,0,0,0,0,0,0,0,0,0,0,0,0,0,0,0,0,0,0,0,0,0,0,0,0,0,0,0,0,0,0,0,0,0,0,0,0,0,0,1,0,0,0,0,0,0,181,102,61,62,58.695652,79.26421405,38.1270903,24,-0.294117647,-10,329900,0.7762
202204,29740,"las cruces, nm",New Mexico,0,0,0,0,0,0,0,0,0,0,0,0,0,0,0,0,0,0,0,0,0,0,0,0,0,0,0,0,0,1,0,0,0,0,0,0,0,0,0,0,0,0,0,0,0,0,0,217,295,-4,-31,5.016722,7.692307692,2.341137124,46,0.095238095,12,335000,0.7882
202204,19780,"des moines-west des moines, ia",Indiana ,0,0,0,0,0,0,0,0,0,0,0,0,0,1,0,0,0,0,0,0,0,0,0,0,0,0,0,0,0,0,0,0,0,0,0,0,0,0,0,0,0,0,0,0,0,0,0,86,297,1,-12,4.180602,4.347826087,4.013377926,52,-0.00952381,18,361550,0.8507
202204,24300,"grand junction, co",Colorado,0,0,0,0,0,1,0,0,0,0,0,0,0,0,0,0,0,0,0,0,0,0,0,0,0,0,0,0,0,0,0,0,0,0,0,0,0,0,0,0,0,0,0,0,0,0,0,275,173,-84,-37,44.816054,59.53177258,30.10033445,30,-0.240506329,-4,499900,1.1762
202204,36860,"ottawa-peru, il",Illinois,0,0,0,0,0,0,0,0,0,0,0,0,1,0,0,0,0,0,0,0,0,0,0,0,0,0,0,0,0,0,0,0,0,0,0,0,0,0,0,0,0,0,0,0,0,0,0,268,243,36,7,29.93311,9.364548495,50.50167224,45,-0.323308271,11,139900,0.3292
202204,33460,"minneapolis-st. paul-bloomington, mn-wi",Minnesotta,0,0,0,0,0,0,0,0,0,0,0,0,0,0,0,0,0,0,0,0,0,1,0,0,0,0,0,0,0,0,0,0,0,0,0,0,0,0,0,0,0,0,0,0,0,0,0,15,228,-20,-26,33.110368,52.5083612,13.71237458,31,-0.074626866,-3,417990,0.9835
202204,29700,"laredo, tx",Texas,0,0,0,0,0,0,0,0,0,0,0,0,0,0,0,0,0,0,0,0,0,0,0,0,0,0,0,0,0,0,0,0,0,0,0,0,0,0,0,0,1,0,0,0,0,0,0,225,272,-23,3,19.063545,25.75250836,12.37458194,38,-0.224489796,4,237500,0.5588
202204,41180,"st. louis, mo-il",Missouri,0,0,0,0,0,0,0,0,0,0,0,0,0,0,0,0,0,0,0,0,0,0,0,1,0,0,0,0,0,0,0,0,0,0,0,0,0,0,0,0,0,0,0,0,0,0,0,19,266,-5,8,22.909699,20.73578595,25.08361204,40,-0.266055046,6,273900,0.6445
202204,47940,"waterloo-cedar falls, ia",Indiana ,0,0,0,0,0,0,0,0,0,0,0,0,0,1,0,0,0,0,0,0,0,0,0,0,0,0,0,0,0,0,0,0,0,0,0,0,0,0,0,0,0,0,0,0,0,0,0,238,182,62,89,43.812709,22.40802676,65.2173913,39,-0.303571429,5,234900,0.5527
202204,32580,"mcallen-edinburg-mission, tx",Texas,0,0,0,0,0,0,0,0,0,0,0,0,0,0,0,0,0,0,0,0,0,0,0,0,0,0,0,0,0,0,0,0,0,0,0,0,0,0,0,0,1,0,0,0,0,0,0,90,289,-5,3,10.702341,16.38795987,5.016722408,42,-0.288135593,8,260000,0.6118
202204,12580,"baltimore-columbia-towson, md",Maryland ,0,0,0,0,0,0,0,0,0,0,0,0,0,0,0,0,0,0,1,0,0,0,0,0,0,0,0,0,0,0,0,0,0,0,0,0,0,0,0,0,0,0,0,0,0,0,0,21,238,-19,-51,30.769231,52.5083612,9.030100334,31,-0.046153846,-3,330000,0.7765
202204,30700,"lincoln, ne",Nebraska,0,0,0,0,0,0,0,0,0,0,0,0,0,0,0,0,0,0,0,0,0,0,0,0,0,1,0,0,0,0,0,0,0,0,0,0,0,0,0,0,0,0,0,0,0,0,0,155,290,-3,-4,9.866221,16.38795987,3.344481605,42,-0.229357798,8,398000,0.9365
202204,48900,"wilmington, nc",North Carolina ,0,0,0,0,0,0,0,0,0,0,0,0,0,0,0,0,0,0,0,0,0,0,0,0,0,0,0,0,0,0,0,1,0,0,0,0,0,0,0,0,0,0,0,0,0,0,0,165,63,-18,88,67.391304,41.13712375,93.64548495,34,-0.244444444,0,489325,1.1514
202204,20740,"eau claire, wi",Wisconsin ,0,0,0,0,0,0,0,0,0,0,0,0,0,0,0,0,0,0,0,0,0,0,0,0,0,0,0,0,0,0,0,0,0,0,0,0,0,0,0,0,0,0,0,0,0,0,1,242,23,47,5,82.274247,79.26421405,85.28428094,24,-0.213114754,-10,319900,0.7527
202204,15500,"burlington, nc",North Carolina ,0,0,0,0,0,0,0,0,0,0,0,0,0,0,0,0,0,0,0,0,0,0,0,0,0,0,0,0,0,0,0,1,0,0,0,0,0,0,0,0,0,0,0,0,0,0,0,262,3,2,15,97.324415,97.32441472,97.32441472,13,-0.551724138,-21,360000,0.8471
202204,19820,"detroit-warren-dearborn, mi",Michigan,0,0,0,0,0,0,0,0,0,0,0,0,0,0,0,0,0,0,0,0,1,0,0,0,0,0,0,0,0,0,0,0,0,0,0,0,0,0,0,0,0,0,0,0,0,0,0,12,139,27,-35,49.832776,79.26421405,20.40133779,24,-0.04,-10,249900,0.588
202204,28740,"kingston, ny",New York,0,0,0,0,0,0,0,0,0,0,0,0,0,0,0,0,0,0,0,0,0,0,0,0,0,0,0,0,0,0,1,0,0,0,0,0,0,0,0,0,0,0,0,0,0,0,0,234,213,54,42,36.287625,22.40802676,50.16722408,39,-0.297297297,5,464900,1.0939
202204,30980,"longview, tx",Texas,0,0,0,0,0,0,0,0,0,0,0,0,0,0,0,0,0,0,0,0,0,0,0,0,0,0,0,0,0,0,0,0,0,0,0,0,0,0,0,0,1,0,0,0,0,0,0,211,132,-26,-42,51.505017,20.73578595,82.27424749,40,0.111111111,6,289500,0.6812
202204,39060,"pottsville, pa",Pennsylvania ,0,0,0,0,0,0,0,0,0,0,0,0,0,0,0,0,0,0,0,0,0,0,0,0,0,0,0,0,0,0,0,0,0,0,0,0,1,0,0,0,0,0,0,0,0,0,0,278,136,44,-111,50.668896,22.40802676,78.92976589,39,0.2,5,137500,0.3235
202204,47900,"washington-arlington-alexandria, dc-va-md-wv",West Virginia ,0,0,0,0,0,0,0,0,0,0,0,0,0,0,0,0,0,0,0,0,0,0,0,0,0,0,0,0,0,0,0,0,0,0,0,0,0,0,0,0,0,0,0,0,0,1,0,7,211,-21,-31,36.789298,67.89297659,5.685618729,28,-0.050847458,-6,565000,1.3294
202204,42540,"scranton--wilkes-barre--hazleton, pa",Pennsylvania ,0,0,0,0,0,0,0,0,0,0,0,0,0,0,0,0,0,0,0,0,0,0,0,0,0,0,0,0,0,0,0,0,0,0,0,0,1,0,0,0,0,0,0,0,0,0,0,92,31,68,48,76.421405,62.54180602,90.30100334,29,-0.256410256,-5,215000,0.5059
202204,29340,"lake charles, la",Louisiana,0,0,0,0,0,0,0,0,0,0,0,0,0,0,0,0,1,0,0,0,0,0,0,0,0,0,0,0,0,0,0,0,0,0,0,0,0,0,0,0,0,0,0,0,0,0,0,213,300,-1,-4,1.672241,1.337792642,2.006688963,57,-0.073170732,23,225000,0.5294
202204,46180,"tupelo, ms",Mississippii,0,0,0,0,0,0,0,0,0,0,0,0,0,0,0,0,0,0,0,0,0,0,1,0,0,0,0,0,0,0,0,0,0,0,0,0,0,0,0,0,0,0,0,0,0,0,0,300,263,-10,-21,24.080268,10.70234114,37.45819398,44,-0.111111111,10,250500,0.5894
202204,46220,"tuscaloosa, al",Alabama,1,0,0,0,0,0,0,0,0,0,0,0,0,0,0,0,0,0,0,0,0,0,0,0,0,0,0,0,0,0,0,0,0,0,0,0,0,0,0,0,0,0,0,0,0,0,0,191,275,-10,16,18.060201,16.38795987,19.73244147,42,-0.338582677,8,299000,0.7035
202204,35980,"norwich-new london, ct",Connecticut,0,0,0,0,0,0,1,0,0,0,0,0,0,0,0,0,0,0,0,0,0,0,0,0,0,0,0,0,0,0,0,0,0,0,0,0,0,0,0,0,0,0,0,0,0,0,0,172,73,-20,30,65.384615,41.13712375,89.63210702,34,0.079365079,0,369900,0.8704
202204,37900,"peoria, il",Illinois,0,0,0,0,0,0,0,0,0,0,0,0,1,0,0,0,0,0,0,0,0,0,0,0,0,0,0,0,0,0,0,0,0,0,0,0,0,0,0,0,0,0,0,0,0,0,0,130,205,47,60,37.792642,25.75250836,49.83277592,38,-0.208333333,4,114900,0.2704
202204,27780,"johnstown, pa",Pennsylvania ,0,0,0,0,0,0,0,0,0,0,0,0,0,0,0,0,0,0,0,0,0,0,0,0,0,0,0,0,0,0,0,0,0,0,0,0,1,0,0,0,0,0,0,0,0,0,0,290,194,17,31,40.9699,9.364548495,72.57525084,45,-0.419354839,11,85000,0.2
202204,14020,"bloomington, in",Indiana ,0,0,0,0,0,0,0,0,0,0,0,0,0,1,0,0,0,0,0,0,0,0,0,0,0,0,0,0,0,0,0,0,0,0,0,0,0,0,0,0,0,0,0,0,0,0,0,244,239,-8,-51,30.769231,25.75250836,35.78595318,38,-0.095238095,4,374900,0.8821
202204,32900,"merced, ca",California,0,0,0,0,1,0,0,0,0,0,0,0,0,0,0,0,0,0,0,0,0,0,0,0,0,0,0,0,0,0,0,0,0,0,0,0,0,0,0,0,0,0,0,0,0,0,0,216,219,-54,-133,34.782609,52.5083612,17.05685619,31,-0.101449275,-3,444900,1.0468
202204,11700,"asheville, nc",North Carolina ,0,0,0,0,0,0,0,0,0,0,0,0,0,0,0,0,0,0,0,0,0,0,0,0,0,0,0,0,0,0,0,1,0,0,0,0,0,0,0,0,0,0,0,0,0,0,0,106,131,75,101,51.672241,30.43478261,72.909699,37,-0.321100917,3,559900,1.3174
202204,20020,"dothan, al",Alabama,1,0,0,0,0,0,0,0,0,0,0,0,0,0,0,0,0,0,0,0,0,0,0,0,0,0,0,0,0,0,0,0,0,0,0,0,0,0,0,0,0,0,0,0,0,0,0,269,202,45,34,38.12709,37.12374582,39.13043478,35,-0.176470588,1,245000,0.5765
202204,16620,"charleston, wv",West Virginia ,0,0,0,0,0,0,0,0,0,0,0,0,0,0,0,0,0,0,0,0,0,0,0,0,0,0,0,0,0,0,0,0,0,0,0,0,0,0,0,0,0,0,0,0,0,1,0,190,259,-4,4,24.58194,2.341137124,46.82274247,55,-0.214285714,21,144000,0.3388
202204,25180,"hagerstown-martinsburg, md-wv",Maryland ,0,0,0,0,0,0,0,0,0,0,0,0,0,0,0,0,0,0,1,0,0,0,0,0,0,0,0,0,0,0,0,0,0,0,0,0,0,0,0,0,0,0,0,0,0,0,0,183,217,-2,-125,35.618729,37.12374582,34.11371237,35,-0.054054054,1,322990,0.76
202204,34820,"myrtle beach-conway-north myrtle beach, sc-nc",South Carolina ,0,0,0,0,0,0,0,0,0,0,0,0,0,0,0,0,0,0,0,0,0,0,0,0,0,0,0,0,0,0,0,0,0,0,0,0,0,1,0,0,0,0,0,0,0,0,0,111,146,42,134,49.331104,47.82608696,50.8361204,32,-0.479674797,-2,399000,0.9388
202204,49180,"winston-salem, nc",North Carolina ,0,0,0,0,0,0,0,0,0,0,0,0,0,0,0,0,0,0,0,0,0,0,0,0,0,0,0,0,0,0,0,1,0,0,0,0,0,0,0,0,0,0,0,0,0,0,0,80,95,-10,25,60.869565,41.13712375,80.60200669,34,-0.170731707,0,298490,0.7023
202204,40060,"richmond, va",Virginia,0,0,0,0,0,0,0,0,0,0,0,0,0,0,0,0,0,0,0,0,0,0,0,0,0,0,0,0,0,0,0,0,0,0,0,0,0,0,0,0,0,0,0,1,0,0,0,45,197,-58,-2,39.632107,37.12374582,42.14046823,35,-0.102564103,1,375000,0.8824
202204,48620,"wichita, ks",Kansas,0,0,0,0,0,0,0,0,0,0,0,0,0,0,1,0,0,0,0,0,0,0,0,0,0,0,0,0,0,0,0,0,0,0,0,0,0,0,0,0,0,0,0,0,0,0,0,84,167,25,42,45.986622,30.43478261,61.53846154,37,-0.274509804,3,265000,0.6235
202204,23420,"fresno, ca",California,0,0,0,0,1,0,0,0,0,0,0,0,0,0,0,0,0,0,0,0,0,0,0,0,0,0,0,0,0,0,0,0,0,0,0,0,0,0,0,0,0,0,0,0,0,0,0,70,155,-30,-134,48.160535,59.53177258,36.78929766,30,0.818181818,-4,425000,1
202204,16700,"charleston-north charleston, sc",South Carolina ,0,0,0,0,0,0,0,0,0,0,0,0,0,0,0,0,0,0,0,0,0,0,0,0,0,0,0,0,0,0,0,0,0,0,0,0,0,1,0,0,0,0,0,0,0,0,0,71,22,3,191,82.77592,86.28762542,79.26421405,21,-0.517241379,-13,585000,1.3765
202204,32820,"memphis, tn-ms-ar",Tennessee ,0,0,0,0,0,0,0,0,0,0,0,0,0,0,0,0,0,0,0,0,0,0,0,0,0,0,0,0,0,0,0,0,0,0,0,0,0,0,0,1,0,0,0,0,0,0,0,43,187,13,-18,42.64214,37.12374582,48.16053512,35,-0.176470588,1,242900,0.5715
202204,28700,"kingsport-bristol-bristol, tn-va",Tennessee ,0,0,0,0,0,0,0,0,0,0,0,0,0,0,0,0,0,0,0,0,0,0,0,0,0,0,0,0,0,0,0,0,0,0,0,0,0,0,0,1,0,0,0,0,0,0,0,153,12,32,56,89.130435,79.26421405,98.99665552,24,-0.407407407,-10,289000,0.68
202204,16300,"cedar rapids, ia",Indiana ,0,0,0,0,0,0,0,0,0,0,0,0,0,1,0,0,0,0,0,0,0,0,0,0,0,0,0,0,0,0,0,0,0,0,0,0,0,0,0,0,0,0,0,0,0,0,0,169,161,102,37,46.655518,67.89297659,25.4180602,28,-0.232876712,-6,285000,0.6706
202204,44060,"spokane-spokane valley, wa",Washington,0,0,0,0,0,0,0,0,0,0,0,0,0,0,0,0,0,0,0,0,0,0,0,0,0,0,0,0,0,0,0,0,0,0,0,0,0,0,0,0,0,0,0,0,1,0,0,98,91,-11,-47,61.371237,73.57859532,49.1638796,27,-0.15625,-7,505000,1.1882
202204,38300,"pittsburgh, pa",Pennsylvania ,0,0,0,0,0,0,0,0,0,0,0,0,0,0,0,0,0,0,0,0,0,0,0,0,0,0,0,0,0,0,0,0,0,0,0,0,1,0,0,0,0,0,0,0,0,0,0,22,260,22,-32,24.414716,16.38795987,32.44147157,42,-0.034482759,8,229000,0.5388
202204,29180,"lafayette, la",Louisiana,0,0,0,0,0,0,0,0,0,0,0,0,0,0,0,0,1,0,0,0,0,0,0,0,0,0,0,0,0,0,0,0,0,0,0,0,0,0,0,0,0,0,0,0,0,0,0,107,299,1,-5,2.675585,1.003344482,4.347826087,59,-0.063492063,25,300000,0.7059
202204,15180,"brownsville-harlingen, tx",Texas,0,0,0,0,0,0,0,0,0,0,0,0,0,0,0,0,0,0,0,0,0,0,0,0,0,0,0,0,0,0,0,0,0,0,0,0,0,0,0,0,1,0,0,0,0,0,0,158,277,-8,-21,17.558528,7.692307692,27.42474916,46,-0.26984127,12,329000,0.7741
202204,25860,"hickory-lenoir-morganton, nc",North Carolina ,0,0,0,0,0,0,0,0,0,0,0,0,0,0,0,0,0,0,0,0,0,0,0,0,0,0,0,0,0,0,0,1,0,0,0,0,0,0,0,0,0,0,0,0,0,0,0,143,49,-30,36,71.571906,47.82608696,95.31772575,32,-0.238095238,-2,299900,0.7056
202204,22180,"fayetteville, nc",North Carolina ,0,0,0,0,0,0,0,0,0,0,0,0,0,0,0,0,0,0,0,0,0,0,0,0,0,0,0,0,0,0,0,1,0,0,0,0,0,0,0,0,0,0,0,0,0,0,0,134,135,-11,-29,50.668896,41.13712375,60.2006689,34,-0.068493151,0,245000,0.5765
202204,17900,"columbia, sc",South Carolina ,0,0,0,0,0,0,0,0,0,0,0,0,0,0,0,0,0,0,0,0,0,0,0,0,0,0,0,0,0,0,0,0,0,0,0,0,0,1,0,0,0,0,0,0,0,0,0,67,42,9,6,73.913043,91.30434783,56.52173913,18,-0.12195122,-16,305900,0.7198
202204,14500,"boulder, co",Colorado,0,0,0,0,0,1,0,0,0,0,0,0,0,0,0,0,0,0,0,0,0,0,0,0,0,0,0,0,0,0,0,0,0,0,0,0,0,0,0,0,0,0,0,0,0,0,0,152,32,-12,57,75.919732,93.97993311,57.85953177,16,-0.457627119,-18,825000,1.9412
202204,41500,"salinas, ca",California,0,0,0,0,1,0,0,0,0,0,0,0,0,0,0,0,0,0,0,0,0,0,0,0,0,0,0,0,0,0,0,0,0,0,0,0,0,0,0,0,0,0,0,0,0,0,0,150,69,-27,73,66.053512,52.5083612,79.59866221,31,-0.311111111,-3,970320,2.2831
202204,44700,"stockton-lodi, ca",California,0,0,0,0,1,0,0,0,0,0,0,0,0,0,0,0,0,0,0,0,0,0,0,0,0,0,0,0,0,0,0,0,0,0,0,0,0,0,0,0,0,0,0,0,0,0,0,95,114,-32,-92,56.521739,79.26421405,33.77926421,24,-0.020408163,-10,599000,1.4094
202204,22660,"fort collins, co",Colorado,0,0,0,0,0,1,0,0,0,0,0,0,0,0,0,0,0,0,0,0,0,0,0,0,0,0,0,0,0,0,0,0,0,0,0,0,0,0,0,0,0,0,0,0,0,0,0,147,29,4,120,77.424749,86.28762542,68.56187291,21,-0.44,-13,625000,1.4706
202204,13460,"bend-redmond, or",Oregon,0,0,0,0,0,0,0,0,0,0,0,0,0,0,0,0,0,0,0,0,0,0,0,0,0,0,0,0,0,0,0,0,0,0,0,1,0,0,0,0,0,0,0,0,0,0,0,232,246,-23,-53,28.428094,41.13712375,15.71906355,34,-0.170731707,0,699000,1.6447
202204,10740,"albuquerque, nm",New Mexico,0,0,0,0,0,0,0,0,0,0,0,0,0,0,0,0,0,0,0,0,0,0,0,0,0,0,0,0,0,1,0,0,0,0,0,0,0,0,0,0,0,0,0,0,0,0,0,56,218,-9,-19,34.949833,30.43478261,39.46488294,37,-0.097560976,3,384500,0.9047
202204,39660,"rapid city, sd",,0,0,0,0,0,0,0,0,0,0,0,0,0,0,0,0,0,0,0,0,0,0,0,0,0,0,0,0,0,0,0,0,0,0,0,0,0,0,1,0,0,0,0,0,0,0,0,265,67,-3,-55,66.722408,76.2541806,57.19063545,25,0.136363636,-9,428000,1.0071
202204,49340,"worcester, ma-ct",Connecticut,0,0,0,0,0,0,1,0,0,0,0,0,0,0,0,0,0,0,0,0,0,0,0,0,0,0,0,0,0,0,0,0,0,0,0,0,0,0,0,0,0,0,0,0,0,0,0,58,8,0,3,93.812709,96.32107023,91.30434783,14,-0.348837209,-20,449000,1.0565
202204,21700,"eureka-arcata-fortuna, ca",California,0,0,0,0,1,0,0,0,0,0,0,0,0,0,0,0,0,0,0,0,0,0,0,0,0,0,0,0,0,0,0,0,0,0,0,0,0,0,0,0,0,0,0,0,0,0,0,289,201,-18,-188,38.795987,22.40802676,55.18394649,39,0.902439024,5,529000,1.2447
202204,13380,"bellingham, wa",Washington,0,0,0,0,0,0,0,0,0,0,0,0,0,0,0,0,0,0,0,0,0,0,0,0,0,0,0,0,0,0,0,0,0,0,0,0,0,0,0,0,0,0,0,0,1,0,0,203,147,-20,113,49.16388,83.61204013,14.71571906,23,-0.477272727,-11,649950,1.5293
202204,27900,"joplin, mo",Missouri,0,0,0,0,0,0,0,0,0,0,0,0,0,0,0,0,0,0,0,0,0,0,0,1,0,0,0,0,0,0,0,0,0,0,0,0,0,0,0,0,0,0,0,0,0,0,0,241,53,7,147,70.90301,86.28762542,55.51839465,21,-0.447368421,-13,235000,0.5529
202204,12540,"bakersfield, ca",California,0,0,0,0,1,0,0,0,0,0,0,0,0,0,0,0,0,0,0,0,0,0,0,0,0,0,0,0,0,0,0,0,0,0,0,0,0,0,0,0,0,0,0,0,0,0,0,79,111,-15,-47,56.688963,84.94983278,28.42809365,22,-0.022222222,-12,370000,0.8706
202204,33260,"midland, tx",Texas,0,0,0,0,0,0,0,0,0,0,0,0,0,0,0,0,0,0,0,0,0,0,0,0,0,0,0,0,0,0,0,0,0,0,0,0,0,0,0,0,1,0,0,0,0,0,0,260,242,32,45,30.100334,52.5083612,7.692307692,31,-0.40952381,-3,339900,0.7998
202204,46700,"vallejo-fairfield, ca",California,0,0,0,0,1,0,0,0,0,0,0,0,0,0,0,0,0,0,0,0,0,0,0,0,0,0,0,0,0,0,0,0,0,0,0,0,0,0,0,0,0,0,0,0,0,0,0,131,61,-20,-51,67.725753,91.30434783,44.14715719,18,-0.076923077,-16,635000,1.4941
202204,27620,"jefferson city, mo",Missouri,0,0,0,0,0,0,0,0,0,0,0,0,0,0,0,0,0,0,0,0,0,0,0,1,0,0,0,0,0,0,0,0,0,0,0,0,0,0,0,0,0,0,0,0,0,0,0,281,27,47,-20,79.765886,67.89297659,91.63879599,28,0.302325581,-6,195000,0.4588
202204,42140,"santa fe, nm",New Mexico,0,0,0,0,0,0,0,0,0,0,0,0,0,0,0,0,0,0,0,0,0,0,0,0,0,0,0,0,0,1,0,0,0,0,0,0,0,0,0,0,0,0,0,0,0,0,0,248,150,2,80,48.829431,16.38795987,81.27090301,42,-0.214953271,8,820000,1.9294
202204,38060,"phoenix-mesa-scottsdale, az",Arizona ,0,0,1,0,0,0,0,0,0,0,0,0,0,0,0,0,0,0,0,0,0,0,0,0,0,0,0,0,0,0,0,0,0,0,0,0,0,0,0,0,0,0,0,0,0,0,0,13,179,-4,-41,44.314381,73.57859532,15.05016722,27,-0.114754098,-7,525000,1.2353
202204,41860,"san francisco-oakland-hayward, ca",California,0,0,0,0,1,0,0,0,0,0,0,0,0,0,0,0,0,0,0,0,0,0,0,0,0,0,0,0,0,0,0,0,0,0,0,0,0,0,0,0,0,0,0,0,0,0,0,11,178,-34,-11,44.314381,79.26421405,9.364548495,24,-0.2,-10,1098000,2.5835
202204,40340,"rochester, mn",Minnesotta,0,0,0,0,0,0,0,0,0,0,0,0,0,0,0,0,0,0,0,0,0,1,0,0,0,0,0,0,0,0,0,0,0,0,0,0,0,0,0,0,0,0,0,0,0,0,0,202,119,0,-4,55.518395,52.5083612,58.52842809,31,-0.126760563,-3,390000,0.9176
202204,41060,"st. cloud, mn",Minnesotta,0,0,0,0,0,0,0,0,0,0,0,0,0,0,0,0,0,0,0,0,0,1,0,0,0,0,0,0,0,0,0,0,0,0,0,0,0,0,0,0,0,0,0,0,0,0,0,223,122,21,31,54.347826,47.82608696,60.86956522,32,-0.123287671,-2,344900,0.8115
202204,20500,"durham-chapel hill, nc",North Carolina ,0,0,0,0,0,0,0,0,0,0,0,0,0,0,0,0,0,0,0,0,0,0,0,0,0,0,0,0,0,0,0,1,0,0,0,0,0,0,0,0,0,0,0,0,0,0,0,96,20,9,33,85.451505,93.97993311,76.92307692,16,-0.492063492,-18,495000,1.1647
202204,31340,"lynchburg, va",Virginia,0,0,0,0,0,0,0,0,0,0,0,0,0,0,0,0,0,0,0,0,0,0,0,0,0,0,0,0,0,0,0,0,0,0,0,0,0,0,0,0,0,0,0,1,0,0,0,175,123,5,74,54.013378,20.73578595,87.2909699,40,-0.166666667,6,325000,0.7647
202204,27980,"kahului-wailuku-lahaina, hi",Hawaii,0,0,0,0,0,0,0,0,0,0,1,0,0,0,0,0,0,0,0,0,0,0,0,0,0,0,0,0,0,0,0,0,0,0,0,0,0,0,0,0,0,0,0,0,0,0,0,276,267,3,26,20.735786,2.675585284,38.79598662,53,-0.387283237,19,1285000,3.0235
202204,14010,"bloomington, il",Illinois,0,0,0,0,0,0,0,0,0,0,0,0,1,0,0,0,0,0,0,0,0,0,0,0,0,0,0,0,0,0,0,0,0,0,0,0,0,0,0,0,0,0,0,0,0,0,0,224,191,11,19,41.973244,6.02006689,77.9264214,49,0,15,164900,0.388
202204,43340,"shreveport-bossier city, la",Louisiana,0,0,0,0,0,0,0,0,0,0,0,0,0,0,0,0,1,0,0,0,0,0,0,0,0,0,0,0,0,0,0,0,0,0,0,0,0,0,0,0,0,0,0,0,0,0,0,114,296,0,-156,4.682274,2.006688963,7.357859532,56,1.871794872,22,190000,0.4471
202204,17200,"claremont-lebanon, nh-vt",New Hampshire,0,0,0,0,0,0,0,0,0,0,0,0,0,0,0,0,0,0,0,0,0,0,0,0,0,0,0,1,0,0,0,0,0,0,0,0,0,0,0,0,0,0,0,0,0,0,0,195,37,-15,125,75.41806,52.5083612,98.3277592,31,-0.360824742,-3,399000,0.9388
202204,21140,"elkhart-goshen, in",Indiana ,0,0,0,0,0,0,0,0,0,0,0,0,0,1,0,0,0,0,0,0,0,0,0,0,0,0,0,0,0,0,0,0,0,0,0,0,0,0,0,0,0,0,0,0,0,0,0,228,5,44,1,96.153846,97.99331104,94.31438127,11,-0.3125,-23,249900,0.588
202204,16540,"chambersburg-waynesboro, pa",Pennsylvania ,0,0,0,0,0,0,0,0,0,0,0,0,0,0,0,0,0,0,0,0,0,0,0,0,0,0,0,0,0,0,0,0,0,0,0,0,1,0,0,0,0,0,0,0,0,0,0,271,192,29,-120,41.80602,19.39799331,64.21404682,41,0.188405797,7,320000,0.7529
202204,23540,"gainesville, fl",Florida,0,0,0,0,0,0,0,0,1,0,0,0,0,0,0,0,0,0,0,0,0,0,0,0,0,0,0,0,0,0,0,0,0,0,0,0,0,0,0,0,0,0,0,0,0,0,0,166,210,-39,-25,36.956522,13.37792642,60.53511706,43,0.061728395,9,347400,0.8174
202204,11540,"appleton, wi",Wisconsin ,0,0,0,0,0,0,0,0,0,0,0,0,0,0,0,0,0,0,0,0,0,0,0,0,0,0,0,0,0,0,0,0,0,0,0,0,0,0,0,0,0,0,0,0,0,0,1,194,149,-7,-112,48.829431,7.692307692,89.96655518,46,0.295774648,12,369900,0.8704
202204,25940,"hilton head island-bluffton-beaufort, sc",South Carolina ,0,0,0,0,0,0,0,0,0,0,0,0,0,0,0,0,0,0,0,0,0,0,0,0,0,0,0,0,0,0,0,0,0,0,0,0,0,1,0,0,0,0,0,0,0,0,0,206,76,-20,89,64.548495,41.13712375,87.95986622,34,-0.276595745,0,589900,1.388
202204,11260,"anchorage, ak",Alaska ,0,1,0,0,0,0,0,0,0,0,0,0,0,0,0,0,0,0,0,0,0,0,0,0,0,0,0,0,0,0,0,0,0,0,0,0,0,0,0,0,0,0,0,0,0,0,0,140,134,-8,81,51.337793,92.64214047,10.03344482,17,-0.484848485,-17,430000,1.0118
202204,16980,"chicago-naperville-elgin, il-in-wi",Wisconsin ,0,0,0,0,0,0,0,0,0,0,0,0,0,0,0,0,0,0,0,0,0,0,0,0,0,0,0,0,0,0,0,0,0,0,0,0,0,0,0,0,0,0,0,0,0,0,1,3,254,-14,-27,26.254181,47.82608696,4.682274247,32,-0.111111111,-2,350000,0.8235
202204,44300,"state college, pa",Pennsylvania ,0,0,0,0,0,0,0,0,0,0,0,0,0,0,0,0,0,0,0,0,0,0,0,0,0,0,0,0,0,0,0,0,0,0,0,0,1,0,0,0,0,0,0,0,0,0,0,270,79,-36,56,63.879599,37.12374582,90.63545151,35,-0.186046512,1,339900,0.7998
202204,37100,"oxnard-thousand oaks-ventura, ca",California,0,0,0,0,1,0,0,0,0,0,0,0,0,0,0,0,0,0,0,0,0,0,0,0,0,0,0,0,0,0,0,0,0,0,0,0,0,0,0,0,0,0,0,0,0,0,0,76,72,-18,-31,65.384615,76.2541806,54.51505017,25,-0.122807018,-9,939000,2.2094
202204,39740,"reading, pa",Pennsylvania ,0,0,0,0,0,0,0,0,0,0,0,0,0,0,0,0,0,0,0,0,0,0,0,0,0,0,0,0,0,0,0,0,0,0,0,0,1,0,0,0,0,0,0,0,0,0,0,128,33,1,44,75.752508,59.53177258,91.97324415,30,-0.240506329,-4,264900,0.6233
202204,42340,"savannah, ga",Georgia,0,0,0,0,0,0,0,0,0,1,0,0,0,0,0,0,0,0,0,0,0,0,0,0,0,0,0,0,0,0,0,0,0,0,0,0,0,0,0,0,0,0,0,0,0,0,0,141,45,-14,172,72.909699,62.54180602,83.27759197,29,-0.340909091,-5,399000,0.9388
202204,30140,"lebanon, pa",Pennsylvania ,0,0,0,0,0,0,0,0,0,0,0,0,0,0,0,0,0,0,0,0,0,0,0,0,0,0,0,0,0,0,0,0,0,0,0,0,1,0,0,0,0,0,0,0,0,0,0,299,189,14,-153,42.64214,7.692307692,77.59197324,46,0.333333333,12,364900,0.8586
202204,42100,"santa cruz-watsonville, ca",California,0,0,0,0,1,0,0,0,0,0,0,0,0,0,0,0,0,0,0,0,0,0,0,0,0,0,0,0,0,0,0,0,0,0,0,0,0,0,0,0,0,0,0,0,0,0,0,182,51,-33,-24,71.237458,75.25083612,67.22408027,26,0.019607843,-8,1275000,3
202204,10780,"alexandria, la",Louisiana,0,0,0,0,0,0,0,0,0,0,0,0,0,0,0,0,1,0,0,0,0,0,0,0,0,0,0,0,0,0,0,0,0,0,0,0,0,0,0,0,0,0,0,0,0,0,0,277,291,4,-3,8.862876,4.347826087,13.37792642,52,-0.257142857,18,212500,0.5
202204,21500,"erie, pa",Pennsylvania ,0,0,0,0,0,0,0,0,0,0,0,0,0,0,0,0,0,0,0,0,0,0,0,0,0,0,0,0,0,0,0,0,0,0,0,0,1,0,0,0,0,0,0,0,0,0,0,167,154,44,-20,48.494983,22.40802676,74.5819398,39,-0.152173913,5,189900,0.4468
202204,36500,"olympia-tumwater, wa",Washington,0,0,0,0,0,0,0,0,0,0,0,0,0,0,0,0,0,0,0,0,0,0,0,0,0,0,0,0,0,0,0,0,0,0,0,0,0,0,0,0,0,0,0,0,1,0,0,168,129,-6,28,52.173913,84.94983278,19.39799331,22,-0.301587302,-12,520000,1.2235
202204,19340,"davenport-moline-rock island, ia-il",Illinois,0,0,0,0,0,0,0,0,0,0,0,0,1,0,0,0,0,0,0,0,0,0,0,0,0,0,0,0,0,0,0,0,0,0,0,0,0,0,0,0,0,0,0,0,0,0,0,125,244,18,-4,29.09699,16.38795987,41.80602007,42,-0.134020619,8,142000,0.3341
202204,27100,"jackson, mi",Michigan,0,0,0,0,0,0,0,0,0,0,0,0,0,0,0,0,0,0,0,0,1,0,0,0,0,0,0,0,0,0,0,0,0,0,0,0,0,0,0,0,0,0,0,0,0,0,0,264,284,8,-153,13.545151,0,27.090301,104,2.058823529,70,174900,0.4115
202204,14260,"boise city, id",Idaho,0,0,0,0,0,0,0,0,0,0,0,1,0,0,0,0,0,0,0,0,0,0,0,0,0,0,0,0,0,0,0,0,0,0,0,0,0,0,0,0,0,0,0,0,0,0,0,83,225,-38,-117,33.946488,62.54180602,5.351170569,29,0.035714286,-5,614990,1.447
202204,27260,"jacksonville, fl",Florida,0,0,0,0,0,0,0,0,1,0,0,0,0,0,0,0,0,0,0,0,0,0,0,0,0,0,0,0,0,0,0,0,0,0,0,0,0,0,0,0,0,0,0,0,0,0,0,40,160,18,17,46.989967,52.5083612,41.47157191,31,-0.194805195,-3,419900,0.988
202204,45460,"terre haute, in",Indiana ,0,0,0,0,0,0,0,0,0,0,0,0,0,1,0,0,0,0,0,0,0,0,0,0,0,0,0,0,0,0,0,0,0,0,0,0,0,0,0,0,0,0,0,0,0,0,0,247,195,-36,54,40.468227,13.37792642,67.55852843,43,-0.367647059,9,119000,0.28
202204,17300,"clarksville, tn-ky",Tennessee ,0,0,0,0,0,0,0,0,0,0,0,0,0,0,0,0,0,0,0,0,0,0,0,0,0,0,0,0,0,0,0,0,0,0,0,0,0,0,0,1,0,0,0,0,0,0,0,174,60,34,33,68.060201,96.32107023,39.7993311,14,-0.461538462,-20,334900,0.788
202204,38900,"portland-vancouver-hillsboro, or-wa",Oregon,0,0,0,0,0,0,0,0,0,0,0,0,0,0,0,0,0,0,0,0,0,0,0,0,0,0,0,0,0,0,0,0,0,0,0,1,0,0,0,0,0,0,0,0,0,0,0,23,229,-25,-26,33.110368,62.54180602,3.678929766,29,-0.121212121,-5,585000,1.3765
202204,48140,"wausau, wi",Wisconsin ,0,0,0,0,0,0,0,0,0,0,0,0,0,0,0,0,0,0,0,0,0,0,0,0,0,0,0,0,0,0,0,0,0,0,0,0,0,0,0,0,0,0,0,0,0,0,1,295,124,12,13,53.010033,9.364548495,96.65551839,45,-0.142857143,11,347900,0.8186
202204,17660,"coeur d'alene, id",Idaho,0,0,0,0,0,0,0,0,0,0,0,1,0,0,0,0,0,0,0,0,0,0,0,0,0,0,0,0,0,0,0,0,0,0,0,0,0,0,0,0,0,0,0,0,0,0,0,272,96,-31,-46,59.698997,86.28762542,33.11036789,21,-0.086956522,-13,995000,2.3412
202204,24540,"greeley, co",Colorado,0,0,0,0,0,1,0,0,0,0,0,0,0,0,0,0,0,0,0,0,0,0,0,0,0,0,0,0,0,0,0,0,0,0,0,0,0,0,0,0,0,0,0,0,0,0,0,177,125,-39,8,52.842809,67.89297659,37.79264214,28,-0.066666667,-6,540000,1.2706
202204,12220,"auburn-opelika, al",Alaska ,0,1,0,0,0,0,0,0,0,0,0,0,0,0,0,0,0,0,0,0,0,0,0,0,0,0,0,0,0,0,0,0,0,0,0,0,0,0,0,0,0,0,0,0,0,0,0,258,227,-7,55,33.277592,52.5083612,14.04682274,31,-0.398058252,-3,375000,0.8824
202204,39580,"raleigh, nc",North Carolina ,0,0,0,0,0,0,0,0,0,0,0,0,0,0,0,0,0,0,0,0,0,0,0,0,0,0,0,0,0,0,0,1,0,0,0,0,0,0,0,0,0,0,0,0,0,0,0,46,14,-8,19,87.959866,99.33110368,76.58862876,9,-0.608695652,-25,475000,1.1176
202204,20260,"duluth, mn-wi",Wisconsin ,0,0,0,0,0,0,0,0,0,0,0,0,0,0,0,0,0,0,0,0,0,0,0,0,0,0,0,0,0,0,0,0,0,0,0,0,0,0,0,0,0,0,0,0,0,0,1,163,82,64,61,63.377926,30.43478261,96.32107023,37,-0.267326733,3,265000,0.6235
202204,47580,"warner robins, ga",Georgia,0,0,0,0,0,0,0,0,0,1,0,0,0,0,0,0,0,0,0,0,0,0,0,0,0,0,0,0,0,0,0,0,0,0,0,0,0,0,0,0,0,0,0,0,0,0,0,229,253,1,-85,26.421405,22.40802676,30.43478261,39,0.083333333,5,272000,0.64
202204,11460,"ann arbor, mi",Michigan,0,0,0,0,0,0,0,0,0,0,0,0,0,0,0,0,0,0,0,0,1,0,0,0,0,0,0,0,0,0,0,0,0,0,0,0,0,0,0,0,0,0,0,0,0,0,0,142,101,-4,-25,58.695652,45.81939799,71.57190635,33,0.1,-1,425000,1
202204,10500,"albany, ga",Georgia,0,0,0,0,0,0,0,0,0,1,0,0,0,0,0,0,0,0,0,0,0,0,0,0,0,0,0,0,0,0,0,0,0,0,0,0,0,0,0,0,0,0,0,0,0,0,0,279,200,71,47,38.795987,41.13712375,36.4548495,34,-0.170731707,0,169900,0.3998
202204,12260,"augusta-richmond county, ga-sc",Georgia,0,0,0,0,0,0,0,0,0,1,0,0,0,0,0,0,0,0,0,0,0,0,0,0,0,0,0,0,0,0,0,0,0,0,0,0,0,0,0,0,0,0,0,0,0,0,0,93,220,14,24,34.615385,41.13712375,28.09364548,34,-0.235955056,0,293100,0.6896
202204,39300,"providence-warwick, ri-ma",Massachussetts ,0,0,0,0,0,0,0,0,0,0,0,0,0,0,0,0,0,0,0,1,0,0,0,0,0,0,0,0,0,0,0,0,0,0,0,0,0,0,0,0,0,0,0,0,0,0,0,39,50,25,8,71.404682,67.89297659,74.91638796,28,-0.138461538,-6,474900,1.1174
202204,33860,"montgomery, al",Alabama,1,0,0,0,0,0,0,0,0,0,0,0,0,0,0,0,0,0,0,0,0,0,0,0,0,0,0,0,0,0,0,0,0,0,0,0,0,0,0,0,0,0,0,0,0,0,0,145,248,-30,-29,28.093645,30.43478261,25.75250836,37,0.01369863,3,249000,0.5859
202204,43620,"sioux falls, sd",South Carolina ,0,0,0,0,0,0,0,0,0,0,0,0,0,0,0,0,0,0,0,0,0,0,0,0,0,0,0,0,0,0,0,0,0,0,0,0,0,0,1,0,0,0,0,0,0,0,0,179,258,-33,-29,24.749164,47.82608696,1.672240803,32,-0.085714286,-2,327000,0.7694
202204,49660,"youngstown-warren-boardman, oh-pa",Ohio,0,0,0,0,0,0,0,0,0,0,0,0,0,0,0,0,0,0,0,0,0,0,0,0,0,0,0,0,0,0,0,0,0,1,0,0,0,0,0,0,0,0,0,0,0,0,0,94,137,60,41,50.501672,20.73578595,80.26755853,40,-0.175257732,6,129900,0.3056
202204,37460,"panama city, fl",Florida,0,0,0,0,0,0,0,0,1,0,0,0,0,0,0,0,0,0,0,0,0,0,0,0,0,0,0,0,0,0,0,0,0,0,0,0,0,0,0,0,0,0,0,0,0,0,0,215,214,-33,19,36.120401,47.82608696,24.41471572,32,-0.304347826,-2,495000,1.1647
202204,10420,"akron, oh",Ohio,0,0,0,0,0,0,0,0,0,0,0,0,0,0,0,0,0,0,0,0,0,0,0,0,0,0,0,0,0,0,0,0,0,1,0,0,0,0,0,0,0,0,0,0,0,0,0,74,66,43,-9,67.056856,52.5083612,81.60535117,31,-0.162162162,-3,179900,0.4233
202204,25540,"hartford-west hartford-east hartford, ct",Connecticut,0,0,0,0,0,0,1,0,0,0,0,0,0,0,0,0,0,0,0,0,0,0,0,0,0,0,0,0,0,0,0,0,0,0,0,0,0,0,0,0,0,0,0,0,0,0,0,48,15,33,132,87.959866,89.96655518,85.95317726,20,-0.375,-14,349999,0.8235
202204,29620,"lansing-east lansing, mi",Michigan,0,0,0,0,0,0,0,0,0,0,0,0,0,0,0,0,0,0,0,0,1,0,0,0,0,0,0,0,0,0,0,0,0,0,0,0,0,0,0,0,0,0,0,0,0,0,0,108,100,85,-18,59.197324,41.13712375,77.25752508,34,-0.128205128,0,189900,0.4468
202204,30780,"little rock-north little rock-conway, ar",Arkansas,0,0,0,1,0,0,0,0,0,0,0,0,0,0,0,0,0,0,0,0,0,0,0,0,0,0,0,0,0,0,0,0,0,0,0,0,0,0,0,0,0,0,0,0,0,0,0,72,157,55,-5,47.993311,62.54180602,33.44481605,29,-0.183098592,-5,279900,0.6586
202204,45860,"torrington, ct",Connecticut,0,0,0,0,0,0,1,0,0,0,0,0,0,0,0,0,0,0,0,0,0,0,0,0,0,0,0,0,0,0,0,0,0,0,0,0,0,0,0,0,0,0,0,0,0,0,0,222,208,9,37,37.458194,5.685618729,69.23076923,50,0.075268817,16,550000,1.2941
202204,40220,"roanoke, va",Virginia,0,0,0,0,0,0,0,0,0,0,0,0,0,0,0,0,0,0,0,0,0,0,0,0,0,0,0,0,0,0,0,0,0,0,0,0,0,0,0,0,0,0,0,1,0,0,0,151,121,1,52,54.347826,19.39799331,89.29765886,41,-0.098901099,7,309000,0.7271
202204,40420,"rockford, il",Illinois,0,0,0,0,0,0,0,0,0,0,0,0,1,0,0,0,0,0,0,0,0,0,0,0,0,0,0,0,0,0,0,0,0,0,0,0,0,0,0,0,0,0,0,0,0,0,0,154,59,72,22,68.227425,62.54180602,73.91304348,29,-0.256410256,-5,165000,0.3882
202204,47260,"virginia beach-norfolk-newport news, va-nc",North Carolina ,0,0,0,0,0,0,0,0,0,0,0,0,0,0,0,0,0,0,0,0,0,0,0,0,0,0,0,0,0,0,0,1,0,0,0,0,0,0,0,0,0,0,0,0,0,0,0,37,140,7,35,49.832776,91.30434783,8.361204013,18,-0.265306122,-16,349900,0.8233
202204,24580,"green bay, wi",Wisconsin ,0,0,0,0,0,0,0,0,0,0,0,0,0,0,0,0,0,0,0,0,0,0,0,0,0,0,0,0,0,0,0,0,0,0,0,0,0,0,0,0,0,0,0,0,0,0,1,157,70,99,40,66.053512,62.54180602,69.56521739,29,-0.333333333,-5,384900,0.9056
202204,49700,"yuba city, ca",California,0,0,0,0,1,0,0,0,0,0,0,0,0,0,0,0,0,0,0,0,0,0,0,0,0,0,0,0,0,0,0,0,0,0,0,0,0,0,0,0,0,0,0,0,0,0,0,291,43,-20,-23,73.745819,75.25083612,72.24080268,26,-0.118644068,-8,470000,1.1059
202204,12060,"atlanta-sandy springs-roswell, ga",Georgia,0,0,0,0,0,0,0,0,0,1,0,0,0,0,0,0,0,0,0,0,0,0,0,0,0,0,0,0,0,0,0,0,0,0,0,0,0,0,0,0,0,0,0,0,0,0,0,9,232,-18,-21,31.772575,52.5083612,11.0367893,31,-0.114285714,-3,412000,0.9694
202204,16740,"charlotte-concord-gastonia, nc-sc",South Carolina ,0,0,0,0,0,0,0,0,0,0,0,0,0,0,0,0,0,0,0,0,0,0,0,0,0,0,0,0,0,0,0,0,0,0,0,0,0,1,0,0,0,0,0,0,0,0,0,24,34,-6,28,75.585284,89.96655518,61.20401338,20,-0.365079365,-14,419000,0.9859
202204,29420,"lake havasu city-kingman, az",Arizona ,0,0,1,0,0,0,0,0,0,0,0,0,0,0,0,0,0,0,0,0,0,0,0,0,0,0,0,0,0,0,0,0,0,0,0,0,0,0,0,0,0,0,0,0,0,0,0,207,262,-6,-54,24.414716,25.75250836,23.07692308,38,-0.105882353,4,459000,1.08
202204,43780,"south bend-mishawaka, in-mi",Michigan,0,0,0,0,0,0,0,0,0,0,0,0,0,0,0,0,0,0,0,0,1,0,0,0,0,0,0,0,0,0,0,0,0,0,0,0,0,0,0,0,0,0,0,0,0,0,0,160,68,16,43,66.555184,59.53177258,73.57859532,30,-0.294117647,-4,269500,0.6341
202204,26380,"houma-thibodaux, la",Louisiana,0,0,0,0,0,0,0,0,0,0,0,0,0,0,0,0,1,0,0,0,0,0,0,0,0,0,0,0,0,0,0,0,0,0,0,0,0,0,0,0,0,0,0,0,0,0,0,218,292,5,8,8.19398,6.688963211,9.698996656,48,-0.396226415,14,269900,0.6351
202204,41740,"san diego-carlsbad, ca",California,0,0,0,0,1,0,0,0,0,0,0,0,0,0,0,0,0,0,0,0,0,0,0,0,0,0,0,0,0,0,0,0,0,0,0,0,0,0,0,0,0,0,0,0,0,0,0,18,126,-13,22,52.675585,86.28762542,19.06354515,21,-0.25,-13,900000,2.1176
202204,13140,"beaumont-port arthur, tx",Texas,0,0,0,0,0,0,0,0,0,0,0,0,0,0,0,0,0,0,0,0,0,0,0,0,0,0,0,0,0,0,0,0,0,0,0,0,0,0,0,0,1,0,0,0,0,0,0,129,286,-8,-14,12.876254,19.39799331,6.35451505,41,-0.136842105,7,239900,0.5645
202204,22220,"fayetteville-springdale-rogers, ar-mo",Missouri,0,0,0,0,0,0,0,0,0,0,0,0,0,0,0,0,0,0,0,0,0,0,0,1,0,0,0,0,0,0,0,0,0,0,0,0,0,0,0,0,0,0,0,0,0,0,0,105,143,8,-36,49.498328,25.75250836,73.24414716,38,0.04109589,4,425000,1
202204,28140,"kansas city, mo-ks",Kansas,0,0,0,0,0,0,0,0,0,0,0,0,0,0,1,0,0,0,0,0,0,0,0,0,0,0,0,0,0,0,0,0,0,0,0,0,0,0,0,0,0,0,0,0,0,0,0,30,269,12,-51,20.06689,22.40802676,17.72575251,39,-0.037037037,5,389000,0.9153
202204,36420,"oklahoma city, ok",Oklahoma ,0,0,0,0,0,0,0,0,0,0,0,0,0,0,0,0,0,0,0,0,0,0,0,0,0,0,0,0,0,0,0,0,0,0,1,0,0,0,0,0,0,0,0,0,0,0,0,41,257,-11,-14,24.916388,37.12374582,12.7090301,35,-0.166666667,1,315000,0.7412
202204,46540,"utica-rome, ny",New York,0,0,0,0,0,0,0,0,0,0,0,0,0,0,0,0,0,0,0,0,0,0,0,0,0,0,0,0,0,0,1,0,0,0,0,0,0,0,0,0,0,0,0,0,0,0,0,162,261,3,-20,24.414716,0.334448161,48.49498328,66,-0.2,32,185000,0.4353
202204,19460,"decatur, al",Alabama,1,0,0,0,0,0,0,0,0,0,0,0,0,0,0,0,0,0,0,0,0,0,0,0,0,0,0,0,0,0,0,0,0,0,0,0,0,0,0,0,0,0,0,0,0,0,0,266,71,-35,51,66.053512,76.2541806,55.85284281,25,-0.264705882,-9,250000,0.5882
202204,26620,"huntsville, al",Alabama,1,0,0,0,0,0,0,0,0,0,0,0,0,0,0,0,0,0,0,0,0,0,0,0,0,0,0,0,0,0,0,0,0,0,0,0,0,0,0,0,0,0,0,0,0,0,0,113,118,-25,53,55.685619,93.97993311,17.39130435,16,-0.507692308,-18,400000,0.9412
202204,18880,"crestview-fort walton beach-destin, fl",Florida,0,0,0,0,0,0,0,0,1,0,0,0,0,0,0,0,0,0,0,0,0,0,0,0,0,0,0,0,0,0,0,0,0,0,0,0,0,0,0,0,0,0,0,0,0,0,0,171,212,-21,-161,36.789298,30.43478261,43.14381271,37,0.275862069,3,600000,1.4118
202204,17020,"chico, ca",California,0,0,0,0,1,0,0,0,0,0,0,0,0,0,0,0,0,0,0,0,0,0,0,0,0,0,0,0,0,0,0,0,0,0,0,0,0,0,0,0,0,0,0,0,0,0,0,196,158,6,-14,47.826087,47.82608696,47.82608696,32,-0.135135135,-2,490000,1.1529
202204,21340,"el paso, tx",Texas,0,0,0,0,0,0,0,0,0,0,0,0,0,0,0,0,0,0,0,0,0,0,0,0,0,0,0,0,0,0,0,0,0,0,0,0,0,0,0,0,1,0,0,0,0,0,0,75,274,-23,15,18.060201,25.75250836,10.36789298,38,-0.321428571,4,279950,0.6587
202204,14460,"boston-cambridge-newton, ma-nh",Massachussetts ,0,0,0,0,0,0,0,0,0,0,0,0,0,0,0,0,0,0,0,1,0,0,0,0,0,0,0,0,0,0,0,0,0,0,0,0,0,0,0,0,0,0,0,0,0,0,0,10,55,2,18,70.06689,92.64214047,47.4916388,17,-0.227272727,-17,759000,1.7859
202204,49620,"york-hanover, pa",Pennsylvania ,0,0,0,0,0,0,0,0,0,0,0,0,0,0,0,0,0,0,0,0,0,0,0,0,0,0,0,0,0,0,0,0,0,0,0,0,1,0,0,0,0,0,0,0,0,0,0,117,235,-19,-75,31.438127,10.70234114,52.17391304,44,-0.011235955,10,326990,0.7694
202204,33700,"modesto, ca",California,0,0,0,0,1,0,0,0,0,0,0,0,0,0,0,0,0,0,0,0,0,0,0,0,0,0,0,0,0,0,0,0,0,0,0,0,0,0,0,0,0,0,0,0,0,0,0,116,81,-2,-39,63.377926,73.57859532,53.17725753,27,-0.068965517,-7,499000,1.1741
202204,34740,"muskegon, mi",Michigan,0,0,0,0,0,0,0,0,0,0,0,0,0,0,0,0,0,0,0,0,1,0,0,0,0,0,0,0,0,0,0,0,0,0,0,0,0,0,0,0,0,0,0,0,0,0,0,243,141,-4,-22,49.832776,47.82608696,51.83946488,32,-0.157894737,-2,204900,0.4821
202204,28660,"killeen-temple, tx",Texas,0,0,0,0,0,0,0,0,0,0,0,0,0,0,0,0,0,0,0,0,0,0,0,0,0,0,0,0,0,0,0,0,0,0,0,0,0,0,0,0,1,0,0,0,0,0,0,127,86,-3,-43,62.374582,62.54180602,62.20735786,29,-0.134328358,-5,295000,0.6941
202204,45900,"traverse city, mi",Michigan,0,0,0,0,0,0,0,0,0,0,0,0,0,0,0,0,0,0,0,0,1,0,0,0,0,0,0,0,0,0,0,0,0,0,0,0,0,0,0,0,0,0,0,0,0,0,0,261,152,55,39,48.662207,10.70234114,86.62207358,44,-0.19266055,10,485000,1.1412
202204,39460,"punta gorda, fl",Florida,0,0,0,0,0,0,0,0,1,0,0,0,0,0,0,0,0,0,0,0,0,0,0,0,0,0,0,0,0,0,0,0,0,0,0,0,0,0,0,0,0,0,0,0,0,0,0,214,127,-7,19,52.508361,41.13712375,63.87959866,34,-0.291666667,0,439900,1.0351
202204,34060,"morgantown, wv",West Virginia ,0,0,0,0,0,0,0,0,0,0,0,0,0,0,0,0,0,0,0,0,0,0,0,0,0,0,0,0,0,0,0,0,0,0,0,0,0,0,0,0,0,0,0,0,0,1,0,287,223,-10,35,34.448161,2.675585284,66.22073579,53,-0.324840764,19,299900,0.7056
202204,42680,"sebastian-vero beach, fl",Florida,0,0,0,0,0,0,0,0,1,0,0,0,0,0,0,0,0,0,0,0,0,0,0,0,0,0,0,0,0,0,0,0,0,0,0,0,0,0,0,0,0,0,0,0,0,0,0,254,64,-17,130,67.391304,59.53177258,75.25083612,30,-0.35483871,-4,421150,0.9909
202204,39900,"reno, nv",Nevada,0,0,0,0,0,0,0,0,0,0,0,0,0,0,0,0,0,0,0,0,0,0,0,0,0,0,1,0,0,0,0,0,0,0,0,0,0,0,0,0,0,0,0,0,0,0,0,115,170,-49,-105,45.652174,67.89297659,23.41137124,28,0.513513514,-6,699000,1.6447
202204,14540,"bowling green, ky",Kentucky,0,0,0,0,0,0,0,0,0,0,0,0,0,0,0,1,0,0,0,0,0,0,0,0,0,0,0,0,0,0,0,0,0,0,0,0,0,0,0,0,0,0,0,0,0,0,0,249,163,66,71,46.32107,52.5083612,40.13377926,31,-0.253012048,-3,300000,0.7059
202204,47380,"waco, tx",Texas,0,0,0,0,0,0,0,0,0,0,0,0,0,0,0,0,0,0,0,0,0,0,0,0,0,0,0,0,0,0,0,0,0,0,0,0,0,0,0,0,1,0,0,0,0,0,0,186,40,75,23,74.080268,62.54180602,85.6187291,29,-0.283950617,-5,315000,0.7412
202204,26900,"indianapolis-carmel-anderson, in",Indiana ,0,0,0,0,0,0,0,0,0,0,0,0,0,1,0,0,0,0,0,0,0,0,0,0,0,0,0,0,0,0,0,0,0,0,0,0,0,0,0,0,0,0,0,0,0,0,0,32,169,15,10,45.652174,45.81939799,45.48494983,33,-0.175,-1,300000,0.7059
202204,10580,"albany-schenectady-troy, ny",New York,0,0,0,0,0,0,0,0,0,0,0,0,0,0,0,0,0,0,0,0,0,0,0,0,0,0,0,0,0,0,1,0,0,0,0,0,0,0,0,0,0,0,0,0,0,0,0,55,276,7,8,17.725753,2.675585284,32.77591973,53,-0.208955224,19,360000,0.8471
202204,39340,"provo-orem, ut",Utah,0,0,0,0,0,0,0,0,0,0,0,0,0,0,0,0,0,0,0,0,0,0,0,0,0,0,0,0,0,0,0,0,0,0,0,0,0,0,0,0,0,1,0,0,0,0,0,122,193,-25,-92,41.137124,76.2541806,6.02006689,25,1.631578947,-9,612250,1.4406
202204,36740,"orlando-kissimmee-sanford, fl",Florida,0,0,0,0,0,0,0,0,1,0,0,0,0,0,0,0,0,0,0,0,0,0,0,0,0,0,0,0,0,0,0,0,0,0,0,0,0,0,0,0,0,0,0,0,0,0,0,25,104,-32,97,57.859532,47.82608696,67.89297659,32,-0.280898876,-2,429900,1.0115
202204,40140,"riverside-san bernardino-ontario, ca",California,0,0,0,0,1,0,0,0,0,0,0,0,0,0,0,0,0,0,0,0,0,0,0,0,0,0,0,0,0,0,0,0,0,0,0,0,0,0,0,0,0,0,0,0,0,0,0,16,203,-46,-64,37.959866,67.89297659,8.026755853,28,0,-6,595000,1.4
202204,37340,"palm bay-melbourne-titusville, fl",Florida,0,0,0,0,0,0,0,0,1,0,0,0,0,0,0,0,0,0,0,0,0,0,0,0,0,0,0,0,0,0,0,0,0,0,0,0,0,0,0,0,0,0,0,0,0,0,0,89,90,12,64,61.705686,47.82608696,75.58528428,32,-0.247058824,-2,390000,0.9176
202204,46060,"tucson, az",Arizona ,0,0,1,0,0,0,0,0,0,0,0,0,0,0,0,0,0,0,0,0,0,0,0,0,0,0,0,0,0,0,0,0,0,0,0,0,0,0,0,0,0,0,0,0,0,0,0,51,252,-9,-66,27.591973,37.12374582,18.06020067,35,-0.014084507,1,399900,0.9409
202204,40980,"saginaw, mi",Michigan,0,0,0,0,0,0,0,0,0,0,0,0,0,0,0,0,0,0,0,0,1,0,0,0,0,0,0,0,0,0,0,0,0,0,0,0,0,0,0,0,0,0,0,0,0,0,0,219,175,-26,-149,44.648829,25.75250836,63.5451505,38,0.206349206,4,165000,0.3882
202204,13740,"billings, mt",Montana,0,0,0,0,0,0,0,0,0,0,0,0,0,0,0,0,0,0,0,0,0,0,0,0,1,0,0,0,0,0,0,0,0,0,0,0,0,0,0,0,0,0,0,0,0,0,0,233,13,4,21,89.130435,84.94983278,93.31103679,22,-0.323076923,-12,523000,1.2306
202204,37980,"philadelphia-camden-wilmington, pa-nj-de-md",Pennsylvania ,0,0,0,0,0,0,0,0,0,0,0,0,0,0,0,0,0,0,0,0,0,0,0,0,0,0,0,0,0,0,0,0,0,0,0,0,1,0,0,0,0,0,0,0,0,0,0,6,251,-21,-45,27.591973,30.43478261,24.74916388,37,-0.063291139,3,325000,0.7647
202204,16820,"charlottesville, va",Virginia,0,0,0,0,0,0,0,0,0,0,0,0,0,0,0,0,0,0,0,0,0,0,0,0,0,0,0,0,0,0,0,0,0,0,0,0,0,0,0,0,0,0,0,1,0,0,0,197,216,-21,38,35.785953,34.44816054,37.12374582,36,-0.225806452,2,499500,1.1753
202204,45820,"topeka, ks",Kansas,0,0,0,0,0,0,0,0,0,0,0,0,0,0,1,0,0,0,0,0,0,0,0,0,0,0,0,0,0,0,0,0,0,0,0,0,0,0,0,0,0,0,0,0,0,0,0,192,38,-34,-34,74.916388,67.89297659,81.93979933,28,0.931034483,-6,180000,0.4235
202204,35380,"new orleans-metairie, la",Louisiana,0,0,0,0,0,0,0,0,0,0,0,0,0,0,0,0,1,0,0,0,0,0,0,0,0,0,0,0,0,0,0,0,0,0,0,0,0,0,0,0,0,0,0,0,0,0,0,44,264,-5,4,23.411371,20.73578595,26.08695652,40,-0.230769231,6,349000,0.8212
202204,42200,"santa maria-santa barbara, ca",California,0,0,0,0,1,0,0,0,0,0,0,0,0,0,0,0,0,0,0,0,0,0,0,0,0,0,0,0,0,0,0,0,0,0,0,0,0,0,0,0,0,0,0,0,0,0,0,136,24,-15,25,81.772575,79.26421405,84.28093645,24,-0.304347826,-10,1450000,3.4118
202204,39380,"pueblo, co",Colorado,0,0,0,0,0,1,0,0,0,0,0,0,0,0,0,0,0,0,0,0,0,0,0,0,0,0,0,0,0,0,0,0,0,0,0,0,0,0,0,0,0,0,0,0,0,0,0,250,115,-11,-45,56.354515,86.28762542,26.42140468,21,-0.25,-13,375000,0.8824
202204,32780,"medford, or",Oregon,0,0,0,0,0,0,0,0,0,0,0,0,0,0,0,0,0,0,0,0,0,0,0,0,0,0,0,0,0,0,0,0,0,0,0,1,0,0,0,0,0,0,0,0,0,0,0,200,280,-14,-27,14.715719,22.40802676,7.023411371,39,-0.142857143,5,565000,1.3294
202204,31080,"los angeles-long beach-anaheim, ca",California,0,0,0,0,1,0,0,0,0,0,0,0,0,0,0,0,0,0,0,0,0,0,0,0,0,0,0,0,0,0,0,0,0,0,0,0,0,0,0,0,0,0,0,0,0,0,0,2,199,-20,-3,39.297659,67.89297659,10.70234114,28,-0.151515152,-6,950000,2.2353
202204,13820,"birmingham-hoover, al",Alabama,1,0,0,0,0,0,0,0,0,0,0,0,0,0,0,0,0,0,0,0,0,0,0,0,0,0,0,0,0,0,0,0,0,0,0,0,0,0,0,0,0,0,0,0,0,0,0,49,240,-16,-9,30.602007,37.12374582,24.08026756,35,-0.135802469,1,269900,0.6351
202204,42020,"san luis obispo-paso robles-arroyo grande, ca",California,0,0,0,0,1,0,0,0,0,0,0,0,0,0,0,0,0,0,0,0,0,0,0,0,0,0,0,0,0,0,0,0,0,0,0,0,0,0,0,0,0,0,0,0,0,0,0,173,58,-31,-3,68.561873,52.5083612,84.61538462,31,0,-3,999900,2.3527
202204,38940,"port st. lucie, fl",Florida,0,0,0,0,0,0,0,0,1,0,0,0,0,0,0,0,0,0,0,0,0,0,0,0,0,0,0,0,0,0,0,0,0,0,0,0,0,0,0,0,0,0,0,0,0,0,0,112,93,-16,127,61.036789,62.54180602,59.53177258,29,-0.395833333,-5,450000,1.0588
202204,12700,"barnstable town, ma",Massachussetts ,0,0,0,0,0,0,0,0,0,0,0,0,0,0,0,0,0,0,0,1,0,0,0,0,0,0,0,0,0,0,0,0,0,0,0,0,0,0,0,0,0,0,0,0,0,0,0,189,107,47,69,57.859532,37.12374582,78.59531773,35,-0.195402299,1,799500,1.8812
202204,21780,"evansville, in-ky",Kentucky,0,0,0,0,0,0,0,0,0,0,0,0,0,0,0,1,0,0,0,0,0,0,0,0,0,0,0,0,0,0,0,0,0,0,0,0,0,0,0,0,0,0,0,0,0,0,0,156,78,57,10,63.879599,76.2541806,51.50501672,25,-0.275362319,-9,209000,0.4918
202204,45060,"syracuse, ny",New York,0,0,0,0,0,0,0,0,0,0,0,0,0,0,0,0,0,0,0,0,0,0,0,0,0,0,0,0,0,0,1,0,0,0,0,0,0,0,0,0,0,0,0,0,0,0,0,81,226,9,-36,33.277592,0.668896321,65.88628763,62,0.169811321,28,199900,0.4704
202204,42220,"santa rosa, ca",California,0,0,0,0,1,0,0,0,0,0,0,0,0,0,0,0,0,0,0,0,0,0,0,0,0,0,0,0,0,0,0,0,0,0,0,0,0,0,0,0,0,0,0,0,0,0,0,104,84,-29,77,62.541806,76.2541806,48.82943144,25,-0.21875,-9,1049990,2.4706
202204,27340,"jacksonville, nc",North Carolina ,0,0,0,0,0,0,0,0,0,0,0,0,0,0,0,0,0,0,0,0,0,0,0,0,0,0,0,0,0,0,0,1,0,0,0,0,0,0,0,0,0,0,0,0,0,0,0,239,112,-39,20,56.688963,37.12374582,76.2541806,35,-0.125,1,285000,0.6706
202204,10180,"abilene, tx",Texas,0,0,0,0,0,0,0,0,0,0,0,0,0,0,0,0,0,0,0,0,0,0,0,0,0,0,0,0,0,0,0,0,0,0,0,0,0,0,0,0,1,0,0,0,0,0,0,252,215,30,-102,35.953177,37.12374582,34.7826087,35,0.014492754,1,275000,0.6471
202204,45300,"tampa-st. petersburg-clearwater, fl",Florida,0,0,0,0,0,0,0,0,1,0,0,0,0,0,0,0,0,0,0,0,0,0,0,0,0,0,0,0,0,0,0,0,0,0,0,0,0,0,0,0,0,0,0,0,0,0,0,17,57,-7,27,68.896321,67.89297659,69.89966555,28,-0.232876712,-6,419000,0.9859
202204,39540,"racine, wi",Wisconsin ,0,0,0,0,0,0,0,0,0,0,0,0,0,0,0,0,0,0,0,0,0,0,0,0,0,0,0,0,0,0,0,0,0,0,0,0,0,0,0,0,0,0,0,0,0,0,1,220,41,25,20,74.080268,52.5083612,95.65217391,31,-0.215189873,-3,289000,0.68
202204,31180,"lubbock, tx",Texas,0,0,0,0,0,0,0,0,0,0,0,0,0,0,0,0,0,0,0,0,0,0,0,0,0,0,0,0,0,0,0,0,0,0,0,0,0,0,0,0,1,0,0,0,0,0,0,164,151,-13,-27,48.662207,73.57859532,23.7458194,27,-0.052631579,-7,350000,0.8235
202204,41620,"salt lake city, ut",Utah,0,0,0,0,0,0,0,0,0,0,0,0,0,0,0,0,0,0,0,0,0,0,0,0,0,0,0,0,0,0,0,0,0,0,0,0,0,0,0,0,0,1,0,0,0,0,0,52,128,-27,-33,52.341137,86.28762542,18.39464883,21,1.1,-13,625000,1.4706
202204,40380,"rochester, ny",New York,0,0,0,0,0,0,0,0,0,0,0,0,0,0,0,0,0,0,0,0,0,0,0,0,0,0,0,0,0,0,1,0,0,0,0,0,0,0,0,0,0,0,0,0,0,0,0,50,9,1,0,93.478261,98.66220736,88.29431438,10,-0.333333333,-24,199999,0.4706
202204,12980,"battle creek, mi",Michigan,0,0,0,0,0,0,0,0,0,0,0,0,0,0,0,0,0,0,0,0,1,0,0,0,0,0,0,0,0,0,0,0,0,0,0,0,0,0,0,0,0,0,0,0,0,0,0,298,234,4,-60,31.772575,16.38795987,47.15719064,42,-0.20754717,8,199900,0.4704
202204,20700,"east stroudsburg, pa",Pennsylvania ,0,0,0,0,0,0,0,0,0,0,0,0,0,0,0,0,0,0,0,0,0,0,0,0,0,0,0,0,0,0,0,0,0,0,0,0,1,0,0,0,0,0,0,0,0,0,0,273,183,6,-87,43.645485,41.13712375,46.15384615,34,-0.014492754,0,330000,0.7765
202204,22900,"fort smith, ar-ok",Oklahoma ,0,0,0,0,0,0,0,0,0,0,0,0,0,0,0,0,0,0,0,0,0,0,0,0,0,0,0,0,0,0,0,0,0,0,1,0,0,0,0,0,0,0,0,0,0,0,0,170,237,-32,-25,30.936455,25.75250836,36.12040134,38,-0.061728395,4,210000,0.4941
202204,44100,"springfield, il",Illinois,0,0,0,0,0,0,0,0,0,0,0,0,1,0,0,0,0,0,0,0,0,0,0,0,0,0,0,0,0,0,0,0,0,0,0,0,0,0,0,0,0,0,0,0,0,0,0,198,103,53,136,58.361204,47.82608696,68.89632107,32,-0.319148936,-2,140000,0.3294
202204,13780,"binghamton, ny",New York,0,0,0,0,0,0,0,0,0,0,0,0,0,0,0,0,0,0,0,0,0,0,0,0,0,0,0,0,0,0,1,0,0,0,0,0,0,0,0,0,0,0,0,0,0,0,0,180,222,17,-6,34.448161,4.347826087,64.54849498,52,0.04,18,185000,0.4353
202204,19660,"deltona-daytona beach-ormond beach, fl",Florida,0,0,0,0,0,0,0,0,1,0,0,0,0,0,0,0,0,0,0,0,0,0,0,0,0,0,0,0,0,0,0,0,0,0,0,0,0,0,0,0,0,0,0,0,0,0,0,82,110,6,31,57.190635,59.53177258,54.84949833,30,-0.220779221,-4,410348,0.9655
202204,28940,"knoxville, tn",Tennessee ,0,0,0,0,0,0,0,0,0,0,0,0,0,0,0,0,0,0,0,0,0,0,0,0,0,0,0,0,0,0,0,0,0,0,0,0,0,0,0,1,0,0,0,0,0,0,0,59,47,15,50,72.240803,59.53177258,84.94983278,30,-0.302325581,-4,395000,0.9294
202204,12620,"bangor, me",Maine,0,0,0,0,0,0,0,0,0,0,0,0,0,0,0,0,0,1,0,0,0,0,0,0,0,0,0,0,0,0,0,0,0,0,0,0,0,0,0,0,0,0,0,0,0,0,0,257,165,17,-44,46.153846,1.337792642,90.96989967,57,0.252747253,23,240000,0.5647
202204,24780,"greenville, nc",North Carolina ,0,0,0,0,0,0,0,0,0,0,0,0,0,0,0,0,0,0,0,0,0,0,0,0,0,0,0,0,0,0,0,1,0,0,0,0,0,0,0,0,0,0,0,0,0,0,0,231,17,35,109,87.123746,79.26421405,94.98327759,24,-0.448275862,-10,278000,0.6541
202204,15380,"buffalo-cheektowaga-niagara falls, ny",New York,0,0,0,0,0,0,0,0,0,0,0,0,0,0,0,0,0,0,0,0,0,0,0,0,0,0,0,0,0,0,1,0,0,0,0,0,0,0,0,0,0,0,0,0,0,0,0,47,106,104,-19,57.859532,52.5083612,63.21070234,31,-0.114285714,-3,225000,0.5294
202204,48540,"wheeling, wv-oh",Ohio,0,0,0,0,0,0,0,0,0,0,0,0,0,0,0,0,0,0,0,0,0,0,0,0,0,0,0,0,0,0,0,0,0,1,0,0,0,0,0,0,0,0,0,0,0,0,0,267,247,3,14,28.26087,2.675585284,53.84615385,53,-0.152,19,155000,0.3647
202204,33780,"monroe, mi",Michigan,0,0,0,0,0,0,0,0,0,0,0,0,0,0,0,0,0,0,0,0,1,0,0,0,0,0,0,0,0,0,0,0,0,0,0,0,0,0,0,0,0,0,0,0,0,0,0,282,153,-5,-101,48.662207,2.675585284,94.64882943,53,0.413333333,19,251000,0.5906
202204,48660,"wichita falls, tx",Texas,0,0,0,0,0,0,0,0,0,0,0,0,0,0,0,0,0,0,0,0,0,0,0,0,0,0,0,0,0,0,0,0,0,0,0,0,0,0,0,0,1,0,0,0,0,0,0,286,87,11,-55,62.207358,79.26421405,45.15050167,24,0.333333333,-10,175000,0.4118
202204,34980,"nashville-davidson--murfreesboro--franklin, tn",Tennessee ,0,0,0,0,0,0,0,0,0,0,0,0,0,0,0,0,0,0,0,0,0,0,0,0,0,0,0,0,0,0,0,0,0,0,0,0,0,0,0,1,0,0,0,0,0,0,0,35,54,-14,26,70.401338,97.99331104,42.80936455,11,-0.421052632,-23,524900,1.2351
202204,45220,"tallahassee, fl",Florida,0,0,0,0,0,0,0,0,1,0,0,0,0,0,0,0,0,0,0,0,0,0,0,0,0,0,0,0,0,0,0,0,0,0,0,0,0,0,0,0,0,0,0,0,0,0,0,135,231,10,15,32.77592,52.5083612,13.04347826,31,-0.215189873,-3,291000,0.6847
202204,17780,"college station-bryan, tx",Texas,0,0,0,0,0,0,0,0,0,0,0,0,0,0,0,0,0,0,0,0,0,0,0,0,0,0,0,0,0,0,0,0,0,0,0,0,0,0,0,0,1,0,0,0,0,0,0,193,188,-16,69,42.64214,62.54180602,22.74247492,29,-0.333333333,-5,325000,0.7647
202204,44220,"springfield, oh",Ohio,0,0,0,0,0,0,0,0,0,0,0,0,0,0,0,0,0,0,0,0,0,0,0,0,0,0,0,0,0,0,0,0,0,1,0,0,0,0,0,0,0,0,0,0,0,0,0,297,120,30,-101,54.682274,13.37792642,95.98662207,43,0.457627119,9,189900,0.4468
202204,38340,"pittsfield, ma",Massachussetts ,0,0,0,0,0,0,0,0,0,0,0,0,0,0,0,0,0,0,0,1,0,0,0,0,0,0,0,0,0,0,0,0,0,0,0,0,0,0,0,0,0,0,0,0,0,0,0,294,204,23,22,37.959866,9.364548495,66.55518395,45,-0.150943396,11,475000,1.1176
202204,36540,"omaha-council bluffs, ne-ia",Louisiana,0,0,0,0,0,0,0,0,0,0,0,0,0,0,0,0,1,0,0,0,0,0,0,0,0,0,0,0,0,0,0,0,0,0,0,0,0,0,0,0,0,0,0,0,0,0,0,57,221,-20,-17,34.448161,47.82608696,21.07023411,32,-0.179487179,-2,375000,0.8824
202204,22520,"florence-muscle shoals, al",Alabama,1,0,0,0,0,0,0,0,0,0,0,0,0,0,0,0,0,0,0,0,0,0,0,0,0,0,0,0,0,0,0,0,0,0,0,0,0,0,0,0,0,0,0,0,0,0,0,263,241,-64,-78,30.434783,25.75250836,35.11705686,38,0.070422535,4,239900,0.5645
202204,17460,"cleveland-elyria, oh",Ohio,0,0,0,0,0,0,0,0,0,0,0,0,0,0,0,0,0,0,0,0,0,0,0,0,0,0,0,0,0,0,0,0,0,1,0,0,0,0,0,0,0,0,0,0,0,0,0,26,224,4,-41,34.113712,22.40802676,45.81939799,39,-0.123595506,5,194000,0.4565
202204,30460,"lexington-fayette, ky",Kentucky,0,0,0,0,0,0,0,0,0,0,0,0,0,0,0,1,0,0,0,0,0,0,0,0,0,0,0,0,0,0,0,0,0,0,0,0,0,0,0,0,0,0,0,0,0,0,0,102,268,9,2,20.568562,13.37792642,27.75919732,43,-0.188679245,9,385000,0.9059
202204,36100,"ocala, fl",Florida,0,0,0,0,0,0,0,0,1,0,0,0,0,0,0,0,0,0,0,0,0,0,0,0,0,0,0,0,0,0,0,0,0,0,0,0,0,0,0,0,0,0,0,0,0,0,0,144,171,-18,-13,45.150502,30.43478261,59.86622074,37,-0.119047619,3,314900,0.7409
202204,10900,"allentown-bethlehem-easton, pa-nj",New Jersey,0,0,0,0,0,0,0,0,0,0,0,0,0,0,0,0,0,0,0,0,0,0,0,0,0,0,0,0,1,0,0,0,0,0,0,0,0,0,0,0,0,0,0,0,0,0,0,66,25,1,13,81.605351,91.30434783,71.90635452,18,-0.234042553,-16,329000,0.7741
202204,19300,"daphne-fairhope-foley, al",Alabama,1,0,0,0,0,0,0,0,0,0,0,0,0,0,0,0,0,0,0,0,0,0,0,0,0,0,0,0,0,0,0,0,0,0,0,0,0,0,0,0,0,0,0,0,0,0,0,208,164,22,71,46.153846,62.54180602,29.76588629,29,-0.292682927,-5,549000,1.2918
202204,17820,"colorado springs, co",Colorado,0,0,0,0,0,1,0,0,0,0,0,0,0,0,0,0,0,0,0,0,0,0,0,0,0,0,0,0,0,0,0,0,0,0,0,0,0,0,0,0,0,0,0,0,0,0,0,77,48,-11,-33,71.571906,98.66220736,44.48160535,10,-0.090909091,-24,525000,1.2353
202204,18140,"columbus, oh",Ohio,0,0,0,0,0,0,0,0,0,0,0,0,0,0,0,0,0,0,0,0,0,0,0,0,0,0,0,0,0,0,0,0,0,1,0,0,0,0,0,0,0,0,0,0,0,0,0,31,11,1,-3,92.140468,97.32441472,86.95652174,13,-0.161290323,-21,325000,0.7647
202204,17140,"cincinnati, oh-ky-in",Ohio,0,0,0,0,0,0,0,0,0,0,0,0,0,0,0,0,0,0,0,0,0,0,0,0,0,0,0,0,0,0,0,0,0,1,0,0,0,0,0,0,0,0,0,0,0,0,0,28,186,36,-20,42.809365,34.44816054,51.17056856,36,-0.064935065,2,332804,0.7831
202204,42660,"seattle-tacoma-bellevue, wa",Washington,0,0,0,0,0,0,0,0,0,0,0,0,0,0,0,0,0,0,0,0,0,0,0,0,0,0,0,0,0,0,0,0,0,0,0,0,0,0,0,0,0,0,0,0,1,0,0,14,174,2,10,44.648829,86.28762542,3.010033445,21,-0.25,-13,799999,1.8824
202204,44140,"springfield, ma",Massachussetts ,0,0,0,0,0,0,0,0,0,0,0,0,0,0,0,0,0,0,0,1,0,0,0,0,0,0,0,0,0,0,0,0,0,0,0,0,0,0,0,0,0,0,0,0,0,0,0,87,10,4,7,92.809365,92.64214047,92.97658863,17,-0.260869565,-17,355000,0.8353
202204,27140,"jackson, ms",Mississippii,0,0,0,0,0,0,0,0,0,0,0,0,0,0,0,0,0,0,0,0,0,0,1,0,0,0,0,0,0,0,0,0,0,0,0,0,0,0,0,0,0,0,0,0,0,0,0,100,230,-69,29,32.77592,34.44816054,31.10367893,36,-0.492957746,2,304999,0.7176
202204,27740,"johnson city, tn",Tennessee ,0,0,0,0,0,0,0,0,0,0,0,0,0,0,0,0,0,0,0,0,0,0,0,0,0,0,0,0,0,0,0,0,0,0,0,0,0,0,0,1,0,0,0,0,0,0,0,204,16,-3,0,87.959866,76.2541806,99.66555184,25,-0.122807018,-9,364900,0.8586
202204,29200,"lafayette-west lafayette, in",Indiana ,0,0,0,0,0,0,0,0,0,0,0,0,0,1,0,0,0,0,0,0,0,0,0,0,0,0,0,0,0,0,0,0,0,0,0,0,0,0,0,0,0,0,0,0,0,0,0,210,26,20,-21,80.267559,67.89297659,92.64214047,28,0.435897436,-6,330000,0.7765
202204,19380,"dayton, oh",Ohio,0,0,0,0,0,0,0,0,0,0,0,0,0,0,0,0,0,0,0,0,0,0,0,0,0,0,0,0,0,0,0,0,0,1,0,0,0,0,0,0,0,0,0,0,0,0,0,64,52,-20,-17,71.070234,67.89297659,74.24749164,28,-0.125,-6,214900,0.5056
202204,40900,"sacramento--roseville--arden-arcade, ca",California,0,0,0,0,1,0,0,0,0,0,0,0,0,0,0,0,0,0,0,0,0,0,0,0,0,0,0,0,0,0,0,0,0,0,0,0,0,0,0,0,0,0,0,0,0,0,0,29,105,-29,-49,57.859532,83.61204013,32.10702341,23,-0.115384615,-11,649950,1.5293
202204,38860,"portland-south portland, me",Maine,0,0,0,0,0,0,0,0,0,0,0,0,0,0,0,0,0,1,0,0,0,0,0,0,0,0,0,0,0,0,0,0,0,0,0,0,0,0,0,0,0,0,0,0,0,0,0,97,4,7,-1,96.488294,95.31772575,97.65886288,15,-0.142857143,-19,525000,1.2353
202204,29540,"lancaster, pa",Pennsylvania ,0,0,0,0,0,0,0,0,0,0,0,0,0,0,0,0,0,0,0,0,0,0,0,0,0,0,0,0,0,0,0,0,0,0,0,0,1,0,0,0,0,0,0,0,0,0,0,103,97,-38,-38,59.531773,30.43478261,88.62876254,37,0.072463768,3,374900,0.8821
202204,26420,"houston-the woodlands-sugar land, tx",Texas,0,0,0,0,0,0,0,0,0,0,0,0,0,0,0,0,0,0,0,0,0,0,0,0,0,0,0,0,0,0,0,0,0,0,0,0,0,0,0,0,1,0,0,0,0,0,0,5,278,-3,-9,17.22408,34.44816054,0,36,-0.152941176,2,389900,0.9174
202204,46340,"tyler, tx",Texas,0,0,0,0,0,0,0,0,0,0,0,0,0,0,0,0,0,0,0,0,0,0,0,0,0,0,0,0,0,0,0,0,0,0,0,0,0,0,0,0,1,0,0,0,0,0,0,205,92,18,-18,61.371237,52.5083612,70.23411371,31,-0.138888889,-3,369000,0.8682
202204,33340,"milwaukee-waukesha-west allis, wi",Wisconsin ,0,0,0,0,0,0,0,0,0,0,0,0,0,0,0,0,0,0,0,0,0,0,0,0,0,0,0,0,0,0,0,0,0,0,0,0,0,0,0,0,0,0,0,0,0,0,1,38,130,37,-13,52.006689,41.13712375,62.87625418,34,-0.081081081,0,334900,0.788
202204,15540,"burlington-south burlington, vt",Vermont ,0,0,0,0,0,0,0,0,0,0,0,0,0,0,0,0,0,0,0,0,0,0,0,0,0,0,0,0,0,0,0,0,0,0,0,0,0,0,0,0,0,0,1,0,0,0,0,201,7,0,24,94.816054,92.64214047,96.98996656,17,-0.260869565,-17,433000,1.0188
202204,29820,"las vegas-henderson-paradise, nv",Nevada,0,0,0,0,0,0,0,0,0,0,0,0,0,0,0,0,0,0,0,0,0,0,0,0,0,0,1,0,0,0,0,0,0,0,0,0,0,0,0,0,0,0,0,0,0,0,0,33,180,-7,-8,43.812709,84.94983278,2.675585284,22,-0.2,-12,495000,1.1647
202204,33740,"monroe, la",Louisiana,0,0,0,0,0,0,0,0,0,0,0,0,0,0,0,0,1,0,0,0,0,0,0,0,0,0,0,0,0,0,0,0,0,0,0,0,0,0,0,0,0,0,0,0,0,0,0,236,256,1,34,25.752508,10.70234114,40.80267559,44,-0.397260274,10,271000,0.6376
202204,39820,"redding, ca",California,0,0,0,0,1,0,0,0,0,0,0,0,0,0,0,0,0,0,0,0,0,0,0,0,0,0,0,0,0,0,0,0,0,0,0,0,0,0,0,0,0,0,0,0,0,0,0,227,198,-5,-82,39.632107,62.54180602,16.72240803,29,0,-5,479000,1.1271
202204,21060,"elizabethtown-fort knox, ky",Kentucky,0,0,0,0,0,0,0,0,0,0,0,0,0,0,0,1,0,0,0,0,0,0,0,0,0,0,0,0,0,0,0,0,0,0,0,0,0,0,0,0,0,0,0,0,0,0,0,283,80,-11,-5,63.545151,67.89297659,59.19732441,28,-0.096774194,-6,265900,0.6256
202204,41700,"san antonio-new braunfels, tx",Texas,0,0,0,0,0,0,0,0,0,0,0,0,0,0,0,0,0,0,0,0,0,0,0,0,0,0,0,0,0,0,0,0,0,0,0,0,0,0,0,0,1,0,0,0,0,0,0,27,250,-8,-36,27.926421,37.12374582,18.72909699,35,-0.146341463,1,377130,0.8874
202204,44180,"springfield, mo",Missouri,0,0,0,0,0,0,0,0,0,0,0,0,0,0,0,0,0,0,0,0,0,0,0,1,0,0,0,0,0,0,0,0,0,0,0,0,0,0,0,0,0,0,0,0,0,0,0,110,99,15,-21,59.364548,75.25083612,43.47826087,26,-0.103448276,-8,319000,0.7506
202204,35660,"niles-benton harbor, mi",Michigan,0,0,0,0,0,0,0,0,0,0,0,0,0,0,0,0,0,0,0,0,1,0,0,0,0,0,0,0,0,0,0,0,0,0,0,0,0,0,0,0,0,0,0,0,0,0,0,259,176,20,13,44.648829,13.37792642,75.91973244,43,-0.196261682,9,395000,0.9294
202204,15940,"canton-massillon, oh",Ohio,0,0,0,0,0,0,0,0,0,0,0,0,0,0,0,0,0,0,0,0,0,0,0,0,0,0,0,0,0,0,0,0,0,1,0,0,0,0,0,0,0,0,0,0,0,0,0,120,75,17,-8,64.715719,45.81939799,83.61204013,33,-0.043478261,-1,169900,0.3998
202204,27500,"janesville-beloit, wi",Wisconsin ,0,0,0,0,0,0,0,0,0,0,0,0,0,0,0,0,0,0,0,0,0,0,0,0,0,0,0,0,0,0,0,0,0,0,0,0,0,0,0,0,0,0,0,0,0,0,1,255,44,-14,-21,73.244147,52.5083612,93.97993311,31,-0.015873016,-3,289900,0.6821
202204,34940,"naples-immokalee-marco island, fl",Florida,0,0,0,0,0,0,0,0,1,0,0,0,0,0,0,0,0,0,0,0,0,0,0,0,0,0,0,0,0,0,0,0,0,0,0,0,0,0,0,0,0,0,0,0,0,0,0,137,184,-76,23,43.478261,52.5083612,34.44816054,31,-0.295454545,-3,875000,2.0588
202204,28420,"kennewick-richland, wa",Washington,0,0,0,0,0,0,0,0,0,0,0,0,0,0,0,0,0,0,0,0,0,0,0,0,0,0,0,0,0,0,0,0,0,0,0,0,0,0,0,0,0,0,0,0,1,0,0,185,265,-17,-137,23.244147,25.75250836,20.73578595,38,0.013333333,4,525000,1.2353
202204,22420,"flint, mi",Michigan,0,0,0,0,0,0,0,0,0,0,0,0,0,0,0,0,0,0,0,0,1,0,0,0,0,0,0,0,0,0,0,0,0,0,0,0,0,0,0,0,0,0,0,0,0,0,0,121,236,-74,-122,30.936455,30.43478261,31.43812709,37,0,3,224900,0.5292
202204,16580,"champaign-urbana, il",Illinois,0,0,0,0,0,0,0,0,0,0,0,0,1,0,0,0,0,0,0,0,0,0,0,0,0,0,0,0,0,0,0,0,0,0,0,0,0,0,0,0,0,0,0,0,0,0,0,187,245,15,34,28.929766,19.39799331,38.46153846,41,-0.305084746,7,165000,0.3882
202204,36220,"odessa, tx",Texas,0,0,0,0,0,0,0,0,0,0,0,0,0,0,0,0,0,0,0,0,0,0,0,0,0,0,0,0,0,0,0,0,0,0,0,0,0,0,0,0,1,0,0,0,0,0,0,292,294,-1,3,5.518395,10.70234114,0.334448161,44,-0.207207207,10,283155,0.6662
202204,45780,"toledo, oh",Ohio,0,0,0,0,0,0,0,0,0,0,0,0,0,0,0,0,0,0,0,0,0,0,0,0,0,0,0,0,0,0,0,0,0,1,0,0,0,0,0,0,0,0,0,0,0,0,0,85,46,21,20,72.408027,79.26421405,65.55183946,24,-0.225806452,-10,160000,0.3765
202204,19740,"denver-aurora-lakewood, co",Colorado,0,0,0,0,0,1,0,0,0,0,0,0,0,0,0,0,0,0,0,0,0,0,0,0,0,0,0,0,0,0,0,0,0,0,0,0,0,0,0,0,0,0,0,0,0,0,0,20,117,-12,-15,55.852843,99.66555184,12.04013378,8,-0.384615385,-26,675000,1.5882
202204,43580,"sioux city, ia-ne-sd",Indiana ,0,0,0,0,0,0,0,0,0,0,0,0,0,0,0,0,0,0,0,0,0,0,0,0,0,0,0,0,0,0,0,0,0,0,0,0,0,0,1,0,0,0,0,0,0,0,0,253,116,25,107,56.020067,25.75250836,86.28762542,38,-0.24,4,310000,0.7294
202204,12940,"baton rouge, la",Louisiana,0,0,0,0,0,0,0,0,0,0,0,0,0,0,0,0,1,0,0,0,0,0,0,0,0,0,0,0,0,0,0,0,0,0,0,0,0,0,0,0,0,0,0,0,0,0,0,68,282,4,13,13.879599,13.37792642,14.3812709,43,-0.333333333,9,349999,0.8235
202204,45540,"the villages, fl",Florida,0,0,0,0,0,0,0,0,1,0,0,0,0,0,0,0,0,0,0,0,0,0,0,0,0,0,0,0,0,0,0,0,0,0,0,0,0,0,0,0,0,0,0,0,0,0,0,288,113,-50,37,56.688963,25.75250836,87.62541806,38,-0.208333333,4,425000,1
202204,25900,"hilo, hi",Hawaii,0,0,0,0,0,0,0,0,0,0,1,0,0,0,0,0,0,0,0,0,0,0,0,0,0,0,0,0,0,0,0,0,0,0,0,0,0,0,0,0,0,0,0,0,0,0,0,226,255,-29,7,25.919732,16.38795987,35.45150502,42,-0.256637168,8,550000,1.2941
202204,14860,"bridgeport-stamford-norwalk, ct",Connecticut,0,0,0,0,0,0,1,0,0,0,0,0,0,0,0,0,0,0,0,0,0,0,0,0,0,0,0,0,0,0,0,0,0,0,0,0,0,0,0,0,0,0,0,0,0,0,0,60,108,52,97,57.692308,62.54180602,52.84280936,29,-0.171428571,-5,1050000,2.4706
202204,45940,"trenton, nj",New Jersey,0,0,0,0,0,0,0,0,0,0,0,0,0,0,0,0,0,0,0,0,0,0,0,0,0,0,0,0,1,0,0,0,0,0,0,0,0,0,0,0,0,0,0,0,0,0,0,148,190,9,-136,42.474916,41.13712375,43.81270903,34,0.172413793,0,363000,0.8541
202204,39140,"prescott, az",Arizona ,0,0,1,0,0,0,0,0,0,0,0,0,0,0,0,0,0,0,0,0,0,0,0,0,0,0,0,0,0,0,0,0,0,0,0,0,0,0,0,0,0,0,0,0,0,0,0,188,94,6,-25,61.036789,67.89297659,54.18060201,28,-0.211267606,-6,599900,1.4115
202204,49740,"yuma, az",Arizona ,0,0,1,0,0,0,0,0,0,0,0,0,0,0,0,0,0,0,0,0,0,0,0,0,0,0,0,0,0,0,0,0,0,0,0,0,0,0,0,0,0,0,0,0,0,0,0,245,56,-32,-10,69.899666,86.28762542,53.51170569,21,-0.34375,-13,329000,0.7741
202204,41940,"san jose-sunnyvale-santa clara, ca",California,0,0,0,0,1,0,0,0,0,0,0,0,0,0,0,0,0,0,0,0,0,0,0,0,0,0,0,0,0,0,0,0,0,0,0,0,0,0,0,0,0,0,0,0,0,0,0,36,148,-15,22,48.829431,90.96989967,6.688963211,19,-0.321428571,-15,1439000,3.3859
202204,40580,"rocky mount, nc",North Carolina ,0,0,0,0,0,0,0,0,0,0,0,0,0,0,0,0,0,0,0,0,0,0,0,0,0,0,0,0,0,0,0,1,0,0,0,0,0,0,0,0,0,0,0,0,0,0,0,274,89,2,20,61.87291,52.5083612,71.23745819,31,-0.261904762,-3,229900,0.5409
202204,31140,"louisville/jefferson county, ky-in",Kentucky,0,0,0,0,0,0,0,0,0,0,0,0,0,0,0,1,0,0,0,0,0,0,0,0,0,0,0,0,0,0,0,0,0,0,0,0,0,0,0,0,0,0,0,0,0,0,0,42,88,24,-17,62.040134,79.26421405,44.81605351,24,-0.142857143,-10,289900,0.6821
202204,20100,"dover, de",Deleware,0,0,0,0,0,0,0,1,0,0,0,0,0,0,0,0,0,0,0,0,0,0,0,0,0,0,0,0,0,0,0,0,0,0,0,0,0,0,0,0,0,0,0,0,0,0,0,251,249,-12,-131,28.093645,6.688963211,49.49832776,48,0.156626506,14,401990,0.9459
202204,25060,"gulfport-biloxi-pascagoula, ms",Mississippii,0,0,0,0,0,0,0,0,0,0,0,0,0,0,0,0,0,0,0,0,0,0,1,0,0,0,0,0,0,0,0,0,0,0,0,0,0,0,0,0,0,0,0,0,0,0,0,133,271,5,-5,19.063545,16.38795987,21.73913043,42,-0.16,8,289999,0.6824
202204,13900,"bismarck, nd",North Dakota ,0,0,0,0,0,0,0,0,0,0,0,0,0,0,0,0,0,0,0,0,0,0,0,0,0,0,0,0,0,0,0,0,1,0,0,0,0,0,0,0,0,0,0,0,0,0,0,296,287,-155,-50,12.374582,13.37792642,11.37123746,43,0.088607595,9,350000,0.8235
202204,28020,"kalamazoo-portage, mi",Michigan,0,0,0,0,0,0,0,0,0,0,0,0,0,0,0,0,0,0,0,0,1,0,0,0,0,0,0,0,0,0,0,0,0,0,0,0,0,0,0,0,0,0,0,0,0,0,0,149,181,-51,41,43.812709,25.75250836,61.8729097,38,-0.208333333,4,329900,0.7762
202204,23580,"gainesville, ga",Georgia,0,0,0,0,0,0,0,0,0,1,0,0,0,0,0,0,0,0,0,0,0,0,0,0,0,0,0,0,0,0,0,0,0,0,0,0,0,0,0,0,0,0,0,0,0,0,0,246,196,-22,-40,39.799331,47.82608696,31.77257525,32,-0.157894737,-2,494500,1.1635
202204,46520,"urban honolulu, hi",Hawaii,0,0,0,0,0,0,0,0,0,0,1,0,0,0,0,0,0,0,0,0,0,0,0,0,0,0,0,0,0,0,0,0,0,0,0,0,0,0,0,0,0,0,0,0,0,0,0,65,298,-8,0,3.511706,6.02006689,1.003344482,49,-0.257575758,15,770000,1.8118
202204,45500,"texarkana, tx-ar",Texas,0,0,0,0,0,0,0,0,0,0,0,0,0,0,0,0,0,0,0,0,0,0,0,0,0,0,0,0,0,0,0,0,0,0,0,0,0,0,0,0,1,0,0,0,0,0,0,285,185,83,67,43.478261,34.44816054,52.5083612,36,-0.52,2,279900,0.6586
202204,35620,"new york-newark-jersey city, ny-nj-pa",New York,0,0,0,0,0,0,0,0,0,0,0,0,0,0,0,0,0,0,0,0,0,0,0,0,0,0,0,0,0,0,1,0,0,0,0,0,0,0,0,0,0,0,0,0,0,0,0,1,293,-4,-10,5.685619,10.70234114,0.668896321,44,-0.092783505,10,715000,1.6824
